,kz_2021,year,population_size
0,01001,2005,86080.0
1,01001,2006,86630.0
2,01001,2007,87792.0
3,01001,2008,88718.0
4,01001,2009,88502.0
5,01001,2010,88759.0
6,01001,2011,82801.0
7,01001,2012,83462.0
8,01001,2013,83971.0
9,01001,2014,84694.0
10,01001,2015,85942.0
11,01001,2016,87432.0
12,01001,2017,88519.0
13,01001,2018,89504.0
14,01001,2019,90164.0
15,01001,2020,89934.0
16,01001,2021,91113.0
17,01001,2022,92550.0
18,01001,2023,92667.0
19,01002,2005,234433.0
20,01002,2006,235366.0
21,01002,2007,236902.0
22,01002,2008,237579.0
23,01002,2009,238281.0
24,01002,2010,239526.0
25,01002,2011,237667.0
26,01002,2012,239866.0
27,01002,2013,241533.0
28,01002,2014,243148.0
29,01002,2015,246306.0
30,01002,2016,247441.0
31,01002,2017,247943.0
32,01002,2018,247548.0
33,01002,2019,246794.0
34,01002,2020,246601.0
35,01002,2021,246243.0
36,01002,2022,247717.0
37,01002,2023,248873.0
38,01003,2005,211825.0
39,01003,2006,211213.0
40,01003,2007,211541.0
41,01003,2008,210892.0
42,01003,2009,209818.0
43,01003,2010,210232.0
44,01003,2011,210679.0
45,01003,2012,211713.0
46,01003,2013,212958.0
47,01003,2014,214420.0
48,01003,2015,216253.0
49,01003,2016,216712.0
50,01003,2017,216318.0
51,01003,2018,217198.0
52,01003,2019,216530.0
53,01003,2020,215846.0
54,01003,2021,216277.0
55,01003,2022,218095.0
56,01003,2023,219044.0
57,01004,2005,78072.0
58,01004,2006,77936.0
59,01004,2007,77595.0
60,01004,2008,77100.0
61,01004,2009,76897.0
62,01004,2010,76830.0
63,01004,2011,77201.0
64,01004,2012,76951.0
65,01004,2013,77058.0
66,01004,2014,77588.0
67,01004,2015,79197.0
68,01004,2016,79680.0
69,01004,2017,79335.0
70,01004,2018,79487.0
71,01004,2019,80196.0
72,01004,2020,79905.0
73,01004,2021,79496.0
74,01004,2022,79502.0
75,01004,2023,80185.0
76,01051,2005,137261.0
77,01051,2006,136829.0
78,01051,2007,136451.0
79,01051,2008,135759.0
80,01051,2009,135279.0
81,01051,2010,134798.0
82,01051,2011,133487.0
83,01051,2012,132965.0
84,01051,2013,132665.0
85,01051,2014,132685.0
86,01051,2015,132917.0
87,01051,2016,133560.0
88,01051,2017,133447.0
89,01051,2018,133210.0
90,01051,2019,133193.0
91,01051,2020,133251.0
92,01051,2021,133969.0
93,01051,2022,135252.0
94,01051,2023,135653.0
95,01053,2005,186471.0
96,01053,2006,186911.0
97,01053,2007,187094.0
98,01053,2008,186984.0
99,01053,2009,186629.0
100,01053,2010,186874.0
101,01053,2011,187296.0
102,01053,2012,187905.0
103,01053,2013,189043.0
104,01053,2014,190703.0
105,01053,2015,192999.0
106,01053,2016,195063.0
107,01053,2017,196074.0
108,01053,2018,197264.0
109,01053,2019,198019.0
110,01053,2020,199152.0
111,01053,2021,200819.0
112,01053,2022,203712.0
113,01053,2023,204836.0
114,01054,2005,166956.0
115,01054,2006,166783.0
116,01054,2007,166727.0
117,01054,2008,166270.0
118,01054,2009,165771.0
119,01054,2010,165480.0
120,01054,2011,163029.0
121,01054,2012,162237.0
122,01054,2013,161923.0
123,01054,2014,162203.0
124,01054,2015,163960.0
125,01054,2016,164926.0
126,01054,2017,165462.0
127,01054,2018,165507.0
128,01054,2019,165951.0
129,01054,2020,167147.0
130,01054,2021,167560.0
131,01054,2022,169043.0
132,01054,2023,170007.0
133,01055,2005,206040.0
134,01055,2006,205952.0
135,01055,2007,205688.0
136,01055,2008,205191.0
137,01055,2009,204948.0
138,01055,2010,204454.0
139,01055,2011,197960.0
140,01055,2012,197882.0
141,01055,2013,197835.0
142,01055,2014,198355.0
143,01055,2015,199574.0
144,01055,2016,200813.0
145,01055,2017,200584.0
146,01055,2018,200581.0
147,01055,2019,200539.0
148,01055,2020,201487.0
149,01055,2021,202014.0
150,01055,2022,203606.0
151,01055,2023,204275.0
152,01056,2005,299392.0
153,01056,2006,300402.0
154,01056,2007,301320.0
155,01056,2008,301518.0
156,01056,2009,302430.0
157,01056,2010,303481.0
158,01056,2011,297307.0
159,01056,2012,298826.0
160,01056,2013,301223.0
161,01056,2014,304087.0
162,01056,2015,307471.0
163,01056,2016,310653.0
164,01056,2017,312662.0
165,01056,2018,314391.0
166,01056,2019,316103.0
167,01056,2020,317085.0
168,01056,2021,318326.0
169,01056,2022,322130.0
170,01056,2023,324018.0
171,01057,2005,135655.0
172,01057,2006,135562.0
173,01057,2007,135422.0
174,01057,2008,134912.0
175,01057,2009,134573.0
176,01057,2010,134291.0
177,01057,2011,127212.0
178,01057,2012,126721.0
179,01057,2013,126643.0
180,01057,2014,126865.0
181,01057,2015,128304.0
182,01057,2016,128703.0
183,01057,2017,128842.0
184,01057,2018,128647.0
185,01057,2019,128686.0
186,01057,2020,129353.0
187,01057,2021,129687.0
188,01057,2022,131266.0
189,01057,2023,131370.0
190,01058,2005,273039.0
191,01058,2006,272591.0
192,01058,2007,272488.0
193,01058,2008,271393.0
194,01058,2009,270626.0
195,01058,2010,269778.0
196,01058,2011,268846.0
197,01058,2012,268058.0
198,01058,2013,268075.0
199,01058,2014,268628.0
200,01058,2015,270378.0
201,01058,2016,272337.0
202,01058,2017,273022.0
203,01058,2018,272775.0
204,01058,2019,274098.0
205,01058,2020,274765.0
206,01058,2021,276053.0
207,01058,2022,278979.0
208,01058,2023,279864.0
209,01059,2005,199671.0
210,01059,2006,199264.0
211,01059,2007,199101.0
212,01059,2008,198649.0
213,01059,2009,198426.0
214,01059,2010,197903.0
215,01059,2011,195721.0
216,01059,2012,194911.0
217,01059,2013,195135.0
218,01059,2014,195593.0
219,01059,2015,196839.0
220,01059,2016,198685.0
221,01059,2017,199503.0
222,01059,2018,200025.0
223,01059,2019,201156.0
224,01059,2020,202647.0
225,01059,2021,203799.0
226,01059,2022,206038.0
227,01059,2023,206385.0
228,01060,2005,257002.0
229,01060,2006,257749.0
230,01060,2007,258336.0
231,01060,2008,257945.0
232,01060,2009,258150.0
233,01060,2010,259200.0
234,01060,2011,261141.0
235,01060,2012,261988.0
236,01060,2013,263202.0
237,01060,2014,264972.0
238,01060,2015,267503.0
239,01060,2016,272235.0
240,01060,2017,274025.0
241,01060,2018,276032.0
242,01060,2019,277175.0
243,01060,2020,278007.0
244,01060,2021,280400.0
245,01060,2022,284988.0
246,01060,2023,287175.0
247,01061,2005,136470.0
248,01061,2006,135834.0
249,01061,2007,134664.0
250,01061,2008,134090.0
251,01061,2009,133370.0
252,01061,2010,132897.0
253,01061,2011,130543.0
254,01061,2012,130135.0
255,01061,2013,130017.0
256,01061,2014,130218.0
257,01061,2015,131457.0
258,01061,2016,131875.0
259,01061,2017,131613.0
260,01061,2018,131347.0
261,01061,2019,131013.0
262,01061,2020,130706.0
263,01061,2021,130843.0
264,01061,2022,132419.0
265,01061,2023,133072.0
266,01062,2005,224583.0
267,01062,2006,225232.0
268,01062,2007,226252.0
269,01062,2008,227260.0
270,01062,2009,228327.0
271,01062,2010,229756.0
272,01062,2011,231376.0
273,01062,2012,232911.0
274,01062,2013,234674.0
275,01062,2014,236705.0
276,01062,2015,239614.0
277,01062,2016,241811.0
278,01062,2017,242472.0
279,01062,2018,243196.0
280,01062,2019,244156.0
281,01062,2020,244989.0
282,01062,2021,245406.0
283,01062,2022,247973.0
284,01062,2023,248267.0
285,02000,2005,1743627.0
286,02000,2006,1754182.0
287,02000,2007,1770629.0
288,02000,2008,1772100.0
289,02000,2009,1774224.0
290,02000,2010,1786448.0
291,02000,2011,1718187.0
292,02000,2012,1734272.0
293,02000,2013,1746342.0
294,02000,2014,1762791.0
295,02000,2015,1787408.0
296,02000,2016,1810438.0
297,02000,2017,1830584.0
298,02000,2018,1841179.0
299,02000,2019,1847253.0
300,02000,2020,1852478.0
301,02000,2021,1853935.0
302,02000,2022,1892122.0
303,02000,2023,1910160.0
304,03101,2005,245273.0
305,03101,2006,245467.0
306,03101,2007,245810.0
307,03101,2008,246012.0
308,03101,2009,247400.0
309,03101,2010,248867.0
310,03101,2011,243829.0
311,03101,2012,245798.0
312,03101,2013,247227.0
313,03101,2014,248502.0
314,03101,2015,251364.0
315,03101,2016,248667.0
316,03101,2017,248023.0
317,03101,2018,248292.0
318,03101,2019,249406.0
319,03101,2020,248561.0
320,03101,2021,248823.0
321,03101,2022,251804.0
322,03101,2023,252066.0
323,03102,2005,107726.0
324,03102,2006,106665.0
325,03102,2007,105320.0
326,03102,2008,104423.0
327,03102,2009,103446.0
328,03102,2010,102394.0
329,03102,2011,98588.0
330,03102,2012,98095.0
331,03102,2013,98197.0
332,03102,2014,98966.0
333,03102,2015,101079.0
334,03102,2016,103668.0
335,03102,2017,104548.0
336,03102,2018,104948.0
337,03102,2019,104291.0
338,03102,2020,103866.0
339,03102,2021,103694.0
340,03102,2022,104548.0
341,03102,2023,105039.0
342,03103,2005,121199.0
343,03103,2006,120493.0
344,03103,2007,120009.0
345,03103,2008,120538.0
346,03103,2009,121109.0
347,03103,2010,121451.0
348,03103,2011,120889.0
349,03103,2012,121758.0
350,03103,2013,122457.0
351,03103,2014,123027.0
352,03103,2015,124045.0
353,03103,2016,123909.0
354,03103,2017,123914.0
355,03103,2018,124151.0
356,03103,2019,124371.0
357,03103,2020,123840.0
358,03103,2021,123949.0
359,03103,2022,125961.0
360,03103,2023,127256.0
361,03151,2005,175298.0
362,03151,2006,174974.0
363,03151,2007,174401.0
364,03151,2008,173765.0
365,03151,2009,173223.0
366,03151,2010,172643.0
367,03151,2011,170865.0
368,03151,2012,171015.0
369,03151,2013,171475.0
370,03151,2014,172541.0
371,03151,2015,174205.0
372,03151,2016,174749.0
373,03151,2017,175079.0
374,03151,2018,175920.0
375,03151,2019,176523.0
376,03151,2020,177227.0
377,03151,2021,177919.0
378,03151,2022,180232.0
379,03151,2023,180679.0
380,03153,2005,151452.0
381,03153,2006,149656.0
382,03153,2007,148091.0
383,03153,2008,146187.0
384,03153,2009,144680.0
385,03153,2010,143014.0
386,03153,2011,139575.0
387,03153,2012,138655.0
388,03153,2013,137833.0
389,03153,2014,137256.0
390,03153,2015,138236.0
391,03153,2016,137979.0
392,03153,2017,137563.0
393,03153,2018,137014.0
394,03153,2019,136292.0
395,03153,2020,134688.0
396,03153,2021,134050.0
397,03153,2022,134672.0
398,03153,2023,134485.0
399,03154,2005,97749.0
400,03154,2006,96972.0
401,03154,2007,95871.0
402,03154,2008,94870.0
403,03154,2009,93903.0
404,03154,2010,92836.0
405,03154,2011,90919.0
406,03154,2012,90391.0
407,03154,2013,90423.0
408,03154,2014,90908.0
409,03154,2015,91500.0
410,03154,2016,92079.0
411,03154,2017,91720.0
412,03154,2018,91307.0
413,03154,2019,91297.0
414,03154,2020,91518.0
415,03154,2021,91379.0
416,03154,2022,92470.0
417,03154,2023,92123.0
418,03155,2005,146690.0
419,03155,2006,145488.0
420,03155,2007,144044.0
421,03155,2008,142321.0
422,03155,2009,140553.0
423,03155,2010,139060.0
424,03155,2011,136516.0
425,03155,2012,135418.0
426,03155,2013,134661.0
427,03155,2014,133905.0
428,03155,2015,134896.0
429,03155,2016,133610.0
430,03155,2017,133046.0
431,03155,2018,132765.0
432,03155,2019,132285.0
433,03155,2020,131772.0
434,03155,2021,131765.0
435,03155,2022,133258.0
436,03155,2023,132939.0
437,03157,2005,134581.0
438,03157,2006,134178.0
439,03157,2007,133560.0
440,03157,2008,132613.0
441,03157,2009,132066.0
442,03157,2010,131481.0
443,03157,2011,130165.0
444,03157,2012,130047.0
445,03157,2013,130147.0
446,03157,2014,130601.0
447,03157,2015,132320.0
448,03157,2016,132979.0
449,03157,2017,133368.0
450,03157,2018,133965.0
451,03157,2019,134801.0
452,03157,2020,135844.0
453,03157,2021,136960.0
454,03157,2022,138931.0
455,03157,2023,139170.0
456,03158,2005,126460.0
457,03158,2006,125412.0
458,03158,2007,124652.0
459,03158,2008,123663.0
460,03158,2009,122806.0
461,03158,2010,122040.0
462,03158,2011,120425.0
463,03158,2012,120117.0
464,03158,2013,119900.0
465,03158,2014,120035.0
466,03158,2015,120981.0
467,03158,2016,120904.0
468,03158,2017,120437.0
469,03158,2018,119960.0
470,03158,2019,119622.0
471,03158,2020,119361.0
472,03158,2021,119224.0
473,03158,2022,120531.0
474,03158,2023,120755.0
475,03159,2005,344007.0
476,03159,2006,342471.0
477,03159,2007,341560.0
478,03159,2008,339257.0
479,03159,2009,337534.0
480,03159,2010,335583.0
481,03159,2011,324197.0
482,03159,2012,323233.0
483,03159,2013,322616.0
484,03159,2014,324013.0
485,03159,2015,329538.0
486,03159,2016,327065.0
487,03159,2017,328036.0
488,03159,2018,328074.0
489,03159,2019,326041.0
490,03159,2020,323900.0
491,03159,2021,323661.0
492,03159,2022,328458.0
493,03159,2023,328952.0
494,03241,2005,1128543.0
495,03241,2006,1128772.0
496,03241,2007,1130039.0
497,03241,2008,1129797.0
498,03241,2009,1130262.0
499,03241,2010,1132130.0
500,03241,2011,1106219.0
501,03241,2012,1112675.0
502,03241,2013,1119526.0
503,03241,2014,1128037.0
504,03241,2015,1144481.0
505,03241,2016,1148700.0
506,03241,2017,1152675.0
507,03241,2018,1157624.0
508,03241,2019,1157115.0
509,03241,2020,1155330.0
510,03241,2021,1157541.0
511,03241,2022,1173891.0
512,03241,2023,1177676.0
513,03251,2005,215548.0
514,03251,2006,215406.0
515,03251,2007,215142.0
516,03251,2008,214379.0
517,03251,2009,213634.0
518,03251,2010,213558.0
519,03251,2011,209745.0
520,03251,2012,209671.0
521,03251,2013,209955.0
522,03251,2014,211093.0
523,03251,2015,213976.0
524,03251,2016,215082.0
525,03251,2017,216012.0
526,03251,2018,216886.0
527,03251,2019,217089.0
528,03251,2020,218072.0
529,03251,2021,218839.0
530,03251,2022,222816.0
531,03251,2023,223832.0
532,03252,2005,159840.0
533,03252,2006,158658.0
534,03252,2007,157867.0
535,03252,2008,156398.0
536,03252,2009,155164.0
537,03252,2010,154085.0
538,03252,2011,149513.0
539,03252,2012,148532.0
540,03252,2013,147755.0
541,03252,2014,147813.0
542,03252,2015,148281.0
543,03252,2016,148265.0
544,03252,2017,148296.0
545,03252,2018,148559.0
546,03252,2019,148549.0
547,03252,2020,148580.0
548,03252,2021,148963.0
549,03252,2022,150640.0
550,03252,2023,150377.0
551,03254,2005,290643.0
552,03254,2006,289984.0
553,03254,2007,288623.0
554,03254,2008,286663.0
555,03254,2009,284551.0
556,03254,2010,282856.0
557,03254,2011,276383.0
558,03254,2012,275330.0
559,03254,2013,274519.0
560,03254,2014,274554.0
561,03254,2015,277055.0
562,03254,2016,277300.0
563,03254,2017,276640.0
564,03254,2018,276594.0
565,03254,2019,275817.0
566,03254,2020,275464.0
567,03254,2021,274773.0
568,03254,2022,278371.0
569,03254,2023,278571.0
570,03255,2005,77918.0
571,03255,2006,76888.0
572,03255,2007,76103.0
573,03255,2008,75092.0
574,03255,2009,74094.0
575,03255,2010,73240.0
576,03255,2011,73155.0
577,03255,2012,72459.0
578,03255,2013,71877.0
579,03255,2014,71438.0
580,03255,2015,71659.0
581,03255,2016,71510.0
582,03255,2017,71144.0
583,03255,2018,70975.0
584,03255,2019,70458.0
585,03255,2020,70207.0
586,03255,2021,69862.0
587,03255,2022,70911.0
588,03255,2023,70706.0
589,03256,2005,125870.0
590,03256,2006,125436.0
591,03256,2007,124895.0
592,03256,2008,123881.0
593,03256,2009,122989.0
594,03256,2010,122206.0
595,03256,2011,121390.0
596,03256,2012,120225.0
597,03256,2013,119848.0
598,03256,2014,119631.0
599,03256,2015,120632.0
600,03256,2016,121503.0
601,03256,2017,121470.0
602,03256,2018,121386.0
603,03256,2019,121390.0
604,03256,2020,121645.0
605,03256,2021,121773.0
606,03256,2022,123469.0
607,03256,2023,123888.0
608,03257,2005,165557.0
609,03257,2006,165109.0
610,03257,2007,164172.0
611,03257,2008,162971.0
612,03257,2009,161746.0
613,03257,2010,160636.0
614,03257,2011,157026.0
615,03257,2012,156039.0
616,03257,2013,155599.0
617,03257,2014,155847.0
618,03257,2015,156206.0
619,03257,2016,157616.0
620,03257,2017,157883.0
621,03257,2018,157781.0
622,03257,2019,157820.0
623,03257,2020,158406.0
624,03257,2021,158108.0
625,03257,2022,159960.0
626,03257,2023,160236.0
627,03351,2005,182444.0
628,03351,2006,181936.0
629,03351,2007,181115.0
630,03351,2008,180130.0
631,03351,2009,179247.0
632,03351,2010,178528.0
633,03351,2011,176054.0
634,03351,2012,175706.0
635,03351,2013,175552.0
636,03351,2014,176157.0
637,03351,2015,177971.0
638,03351,2016,178370.0
639,03351,2017,178764.0
640,03351,2018,178936.0
641,03351,2019,179011.0
642,03351,2020,179386.0
643,03351,2021,179915.0
644,03351,2022,181994.0
645,03351,2023,182352.0
646,03352,2005,205276.0
647,03352,2006,204235.0
648,03352,2007,202933.0
649,03352,2008,202124.0
650,03352,2009,201188.0
651,03352,2010,200464.0
652,03352,2011,198115.0
653,03352,2012,197433.0
654,03352,2013,196607.0
655,03352,2014,196787.0
656,03352,2015,198103.0
657,03352,2016,198670.0
658,03352,2017,198100.0
659,03352,2018,198213.0
660,03352,2019,198038.0
661,03352,2020,198826.0
662,03352,2021,199603.0
663,03352,2022,201413.0
664,03352,2023,201838.0
665,03353,2005,241827.0
666,03353,2006,242748.0
667,03353,2007,243888.0
668,03353,2008,244640.0
669,03353,2009,245624.0
670,03353,2010,246868.0
671,03353,2011,239269.0
672,03353,2012,240548.0
673,03353,2013,242871.0
674,03353,2014,245199.0
675,03353,2015,248122.0
676,03353,2016,250326.0
677,03353,2017,251511.0
678,03353,2018,252776.0
679,03353,2019,254431.0
680,03353,2020,256016.0
681,03353,2021,257548.0
682,03353,2022,261890.0
683,03353,2023,263616.0
684,03354,2005,51352.0
685,03354,2006,50878.0
686,03354,2007,50465.0
687,03354,2008,49965.0
688,03354,2009,49699.0
689,03354,2010,49213.0
690,03354,2011,49082.0
691,03354,2012,48928.0
692,03354,2013,48670.0
693,03354,2014,48728.0
694,03354,2015,50128.0
695,03354,2016,48825.0
696,03354,2017,48357.0
697,03354,2018,48424.0
698,03354,2019,48412.0
699,03354,2020,48503.0
700,03354,2021,48472.0
701,03354,2022,49178.0
702,03354,2023,49209.0
703,03355,2005,175441.0
704,03355,2006,175906.0
705,03355,2007,176445.0
706,03355,2008,176512.0
707,03355,2009,177042.0
708,03355,2010,177279.0
709,03355,2011,174685.0
710,03355,2012,175640.0
711,03355,2013,176727.0
712,03355,2014,178122.0
713,03355,2015,180719.0
714,03355,2016,181605.0
715,03355,2017,182930.0
716,03355,2018,183372.0
717,03355,2019,184139.0
718,03355,2020,184235.0
719,03355,2021,185129.0
720,03355,2022,187552.0
721,03355,2023,188859.0
722,03356,2005,112741.0
723,03356,2006,112498.0
724,03356,2007,112679.0
725,03356,2008,112486.0
726,03356,2009,112029.0
727,03356,2010,111876.0
728,03356,2011,110842.0
729,03356,2012,110816.0
730,03356,2013,110882.0
731,03356,2014,111484.0
732,03356,2015,113579.0
733,03356,2016,112695.0
734,03356,2017,113105.0
735,03356,2018,113517.0
736,03356,2019,113928.0
737,03356,2020,114640.0
738,03356,2021,115054.0
739,03356,2022,116551.0
740,03356,2023,116487.0
741,03357,2005,164875.0
742,03357,2006,164958.0
743,03357,2007,165074.0
744,03357,2008,164603.0
745,03357,2009,164064.0
746,03357,2010,163860.0
747,03357,2011,162182.0
748,03357,2012,161780.0
749,03357,2013,161308.0
750,03357,2014,161842.0
751,03357,2015,163253.0
752,03357,2016,163372.0
753,03357,2017,163377.0
754,03357,2018,163455.0
755,03357,2019,163782.0
756,03357,2020,164486.0
757,03357,2021,165001.0
758,03357,2022,167604.0
759,03357,2023,168454.0
760,03358,2005,142678.0
761,03358,2006,142234.0
762,03358,2007,141692.0
763,03358,2008,140792.0
764,03358,2009,140053.0
765,03358,2010,139630.0
766,03358,2011,136072.0
767,03358,2012,135772.0
768,03358,2013,136251.0
769,03358,2014,136200.0
770,03358,2015,140264.0
771,03358,2016,139641.0
772,03358,2017,139099.0
773,03358,2018,139755.0
774,03358,2019,140673.0
775,03358,2020,140885.0
776,03358,2021,142912.0
777,03358,2022,145394.0
778,03358,2023,143220.0
779,03359,2005,196475.0
780,03359,2006,197122.0
781,03359,2007,197091.0
782,03359,2008,196891.0
783,03359,2009,196952.0
784,03359,2010,197132.0
785,03359,2011,195606.0
786,03359,2012,195779.0
787,03359,2013,196516.0
788,03359,2014,197448.0
789,03359,2015,200054.0
790,03359,2016,201638.0
791,03359,2017,201887.0
792,03359,2018,203102.0
793,03359,2019,204512.0
794,03359,2020,205357.0
795,03359,2021,206496.0
796,03359,2022,210306.0
797,03359,2023,211467.0
798,03360,2005,96940.0
799,03360,2006,96458.0
800,03360,2007,95983.0
801,03360,2008,94940.0
802,03360,2009,94428.0
803,03360,2010,94020.0
804,03360,2011,93284.0
805,03360,2012,92801.0
806,03360,2013,92356.0
807,03360,2014,92533.0
808,03360,2015,93131.0
809,03360,2016,92961.0
810,03360,2017,92744.0
811,03360,2018,92572.0
812,03360,2019,92389.0
813,03360,2020,92566.0
814,03360,2021,92894.0
815,03360,2022,94362.0
816,03360,2023,95088.0
817,03361,2005,134084.0
818,03361,2006,133965.0
819,03361,2007,133767.0
820,03361,2008,133560.0
821,03361,2009,133328.0
822,03361,2010,133368.0
823,03361,2011,131936.0
824,03361,2012,132129.0
825,03361,2013,132459.0
826,03361,2014,133215.0
827,03361,2015,134645.0
828,03361,2016,135842.0
829,03361,2017,136590.0
830,03361,2018,136792.0
831,03361,2019,137133.0
832,03361,2020,137574.0
833,03361,2021,138507.0
834,03361,2022,140913.0
835,03361,2023,141349.0
836,03401,2005,75916.0
837,03401,2006,75320.0
838,03401,2007,75135.0
839,03401,2008,74751.0
840,03401,2009,74512.0
841,03401,2010,74361.0
842,03401,2011,73364.0
843,03401,2012,73588.0
844,03401,2013,74052.0
845,03401,2014,74804.0
846,03401,2015,76323.0
847,03401,2016,77045.0
848,03401,2017,77521.0
849,03401,2018,77607.0
850,03401,2019,77559.0
851,03401,2020,77503.0
852,03401,2021,77522.0
853,03401,2022,78385.0
854,03401,2023,78979.0
855,03402,2005,51693.0
856,03402,2006,51742.0
857,03402,2007,51714.0
858,03402,2008,51562.0
859,03402,2009,51292.0
860,03402,2010,51616.0
861,03402,2011,49848.0
862,03402,2012,49751.0
863,03402,2013,49790.0
864,03402,2014,50016.0
865,03402,2015,50694.0
866,03402,2016,50486.0
867,03402,2017,50607.0
868,03402,2018,50195.0
869,03402,2019,49913.0
870,03402,2020,49874.0
871,03402,2021,49523.0
872,03402,2022,50535.0
873,03402,2023,50659.0
874,03403,2005,158565.0
875,03403,2006,159060.0
876,03403,2007,159563.0
877,03403,2008,160279.0
878,03403,2009,161334.0
879,03403,2010,162173.0
880,03403,2011,157706.0
881,03403,2012,158658.0
882,03403,2013,159610.0
883,03403,2014,160907.0
884,03403,2015,163830.0
885,03403,2016,165711.0
886,03403,2017,167081.0
887,03403,2018,168210.0
888,03403,2019,169077.0
889,03403,2020,169605.0
890,03403,2021,170389.0
891,03403,2022,172830.0
892,03403,2023,174629.0
893,03404,2005,163814.0
894,03404,2006,163020.0
895,03404,2007,162870.0
896,03404,2008,163286.0
897,03404,2009,163514.0
898,03404,2010,164119.0
899,03404,2011,154513.0
900,03404,2012,155625.0
901,03404,2013,156315.0
902,03404,2014,156897.0
903,03404,2015,162403.0
904,03404,2016,164070.0
905,03404,2017,164374.0
906,03404,2018,164748.0
907,03404,2019,165251.0
908,03404,2020,164223.0
909,03404,2021,165034.0
910,03404,2022,167366.0
911,03404,2023,166960.0
912,03405,2005,83552.0
913,03405,2006,82797.0
914,03405,2007,82192.0
915,03405,2008,81411.0
916,03405,2009,81137.0
917,03405,2010,81324.0
918,03405,2011,76926.0
919,03405,2012,76545.0
920,03405,2013,75728.0
921,03405,2014,75534.0
922,03405,2015,75995.0
923,03405,2016,76201.0
924,03405,2017,76316.0
925,03405,2018,76278.0
926,03405,2019,76089.0
927,03405,2020,75189.0
928,03405,2021,75027.0
929,03405,2022,76089.0
930,03405,2023,76247.0
931,03451,2005,115891.0
932,03451,2006,116626.0
933,03451,2007,117041.0
934,03451,2008,117102.0
935,03451,2009,117517.0
936,03451,2010,118004.0
937,03451,2011,117951.0
938,03451,2012,118489.0
939,03451,2013,118865.0
940,03451,2014,119917.0
941,03451,2015,121435.0
942,03451,2016,122698.0
943,03451,2017,123377.0
944,03451,2018,124071.0
945,03451,2019,124859.0
946,03451,2020,125643.0
947,03451,2021,126475.0
948,03451,2022,128253.0
949,03451,2023,129108.0
950,03452,2005,190128.0
951,03452,2006,190252.0
952,03452,2007,190293.0
953,03452,2008,189381.0
954,03452,2009,188973.0
955,03452,2010,188947.0
956,03452,2011,186713.0
957,03452,2012,186673.0
958,03452,2013,187058.0
959,03452,2014,187998.0
960,03452,2015,189199.0
961,03452,2016,190066.0
962,03452,2017,189949.0
963,03452,2018,189848.0
964,03452,2019,189694.0
965,03452,2020,190178.0
966,03452,2021,190425.0
967,03452,2022,192072.0
968,03452,2023,192608.0
969,03453,2005,155642.0
970,03453,2006,156241.0
971,03453,2007,157164.0
972,03453,2008,157268.0
973,03453,2009,157506.0
974,03453,2010,158194.0
975,03453,2011,159290.0
976,03453,2012,160033.0
977,03453,2013,160176.0
978,03453,2014,162350.0
979,03453,2015,164734.0
980,03453,2016,165930.0
981,03453,2017,167925.0
982,03453,2018,169348.0
983,03453,2019,170682.0
984,03453,2020,172632.0
985,03453,2021,173980.0
986,03453,2022,177701.0
987,03453,2023,178564.0
988,03454,2005,310088.0
989,03454,2006,311965.0
990,03454,2007,313533.0
991,03454,2008,313824.0
992,03454,2009,313098.0
993,03454,2010,313056.0
994,03454,2011,311634.0
995,03454,2012,312855.0
996,03454,2013,313689.0
997,03454,2014,315757.0
998,03454,2015,319488.0
999,03454,2016,321391.0
1000,03454,2017,323636.0
1001,03454,2018,325657.0
1002,03454,2019,326954.0
1003,03454,2020,328930.0
1004,03454,2021,331397.0
1005,03454,2022,338052.0
1006,03454,2023,340280.0
1007,03455,2005,101412.0
1008,03455,2006,101192.0
1009,03455,2007,100779.0
1010,03455,2008,100307.0
1011,03455,2009,99851.0
1012,03455,2010,99598.0
1013,03455,2011,97857.0
1014,03455,2012,97327.0
1015,03455,2013,97093.0
1016,03455,2014,96937.0
1017,03455,2015,97900.0
1018,03455,2016,98409.0
1019,03455,2017,98509.0
1020,03455,2018,98460.0
1021,03455,2019,98704.0
1022,03455,2020,98971.0
1023,03455,2021,98971.0
1024,03455,2022,100277.0
1025,03455,2023,100630.0
1026,03456,2005,134442.0
1027,03456,2006,134840.0
1028,03456,2007,135270.0
1029,03456,2008,135508.0
1030,03456,2009,135346.0
1031,03456,2010,135047.0
1032,03456,2011,133400.0
1033,03456,2012,133652.0
1034,03456,2013,133678.0
1035,03456,2014,134329.0
1036,03456,2015,135662.0
1037,03456,2016,135770.0
1038,03456,2017,135859.0
1039,03456,2018,136511.0
1040,03456,2019,137162.0
1041,03456,2020,137891.0
1042,03456,2021,138722.0
1043,03456,2022,141269.0
1044,03456,2023,141946.0
1045,03457,2005,165056.0
1046,03457,2006,165347.0
1047,03457,2007,165088.0
1048,03457,2008,164947.0
1049,03457,2009,164837.0
1050,03457,2010,164705.0
1051,03457,2011,163991.0
1052,03457,2012,164202.0
1053,03457,2013,164792.0
1054,03457,2014,165809.0
1055,03457,2015,167548.0
1056,03457,2016,168253.0
1057,03457,2017,168946.0
1058,03457,2018,169809.0
1059,03457,2019,170756.0
1060,03457,2020,171483.0
1061,03457,2021,172421.0
1062,03457,2022,174348.0
1063,03457,2023,173924.0
1064,03458,2005,125731.0
1065,03458,2006,125949.0
1066,03458,2007,126131.0
1067,03458,2008,125943.0
1068,03458,2009,126571.0
1069,03458,2010,127282.0
1070,03458,2011,125265.0
1071,03458,2012,125413.0
1072,03458,2013,125778.0
1073,03458,2014,126798.0
1074,03458,2015,128608.0
1075,03458,2016,129484.0
1076,03458,2017,129924.0
1077,03458,2018,130144.0
1078,03458,2019,130890.0
1079,03458,2020,131467.0
1080,03458,2021,132091.0
1081,03458,2022,133913.0
1082,03458,2023,134621.0
1083,03459,2005,359449.0
1084,03459,2006,359340.0
1085,03459,2007,358852.0
1086,03459,2008,358236.0
1087,03459,2009,357056.0
1088,03459,2010,356123.0
1089,03459,2011,350418.0
1090,03459,2012,350444.0
1091,03459,2013,350302.0
1092,03459,2014,351316.0
1093,03459,2015,358079.0
1094,03459,2016,354807.0
1095,03459,2017,356140.0
1096,03459,2018,357343.0
1097,03459,2019,358080.0
1098,03459,2020,359471.0
1099,03459,2021,361550.0
1100,03459,2022,366221.0
1101,03459,2023,366229.0
1102,03460,2005,132401.0
1103,03460,2006,133104.0
1104,03460,2007,134404.0
1105,03460,2008,134506.0
1106,03460,2009,134838.0
1107,03460,2010,135374.0
1108,03460,2011,132752.0
1109,03460,2012,133462.0
1110,03460,2013,134188.0
1111,03460,2014,136184.0
1112,03460,2015,137866.0
1113,03460,2016,139671.0
1114,03460,2017,140540.0
1115,03460,2018,141598.0
1116,03460,2019,142814.0
1117,03460,2020,143698.0
1118,03460,2021,144805.0
1119,03460,2022,146924.0
1120,03460,2023,147751.0
1121,03461,2005,93725.0
1122,03461,2006,93094.0
1123,03461,2007,92622.0
1124,03461,2008,91968.0
1125,03461,2009,91228.0
1126,03461,2010,90772.0
1127,03461,2011,89527.0
1128,03461,2012,89126.0
1129,03461,2013,88831.0
1130,03461,2014,88765.0
1131,03461,2015,89239.0
1132,03461,2016,89282.0
1133,03461,2017,89022.0
1134,03461,2018,88624.0
1135,03461,2019,88583.0
1136,03461,2020,88524.0
1137,03461,2021,88430.0
1138,03461,2022,89568.0
1139,03461,2023,89761.0
1140,03462,2005,57954.0
1141,03462,2006,57829.0
1142,03462,2007,57742.0
1143,03462,2008,57492.0
1144,03462,2009,57391.0
1145,03462,2010,57280.0
1146,03462,2011,56572.0
1147,03462,2012,56362.0
1148,03462,2013,56400.0
1149,03462,2014,56539.0
1150,03462,2015,57173.0
1151,03462,2016,56881.0
1152,03462,2017,56731.0
1153,03462,2018,56882.0
1154,03462,2019,56926.0
1155,03462,2020,57384.0
1156,03462,2021,57455.0
1157,03462,2022,58359.0
1158,03462,2023,58396.0
1159,04011,2005,546852.0
1160,04011,2006,547934.0
1161,04011,2007,547769.0
1162,04011,2008,547360.0
1163,04011,2009,547685.0
1164,04011,2010,547340.0
1165,04011,2011,544043.0
1166,04011,2012,546451.0
1167,04011,2013,548547.0
1168,04011,2014,551767.0
1169,04011,2015,557464.0
1170,04011,2016,565719.0
1171,04011,2017,568006.0
1172,04011,2018,569352.0
1173,04011,2019,567559.0
1174,04011,2020,566573.0
1175,04011,2021,563290.0
1176,04011,2022,569396.0
1177,04011,2023,577026.0
1178,04012,2005,116615.0
1179,04012,2006,116045.0
1180,04012,2007,115313.0
1181,04012,2008,114506.0
1182,04012,2009,114031.0
1183,04012,2010,113366.0
1184,04012,2011,108139.0
1185,04012,2012,108323.0
1186,04012,2013,108844.0
1187,04012,2014,110121.0
1188,04012,2015,114025.0
1189,04012,2016,113034.0
1190,04012,2017,113026.0
1191,04012,2018,113634.0
1192,04012,2019,113643.0
1193,04012,2020,113557.0
1194,04012,2021,113173.0
1195,04012,2022,115468.0
1196,04012,2023,114677.0
1197,05111,2005,574514.0
1198,05111,2006,577505.0
1199,05111,2007,581122.0
1200,05111,2008,584217.0
1201,05111,2009,586217.0
1202,05111,2010,588735.0
1203,05111,2011,589649.0
1204,05111,2012,593682.0
1205,05111,2013,598686.0
1206,05111,2014,604527.0
1207,05111,2015,612178.0
1208,05111,2016,613230.0
1209,05111,2017,617280.0
1210,05111,2018,619294.0
1211,05111,2019,621877.0
1212,05111,2020,620523.0
1213,05111,2021,619477.0
1214,05111,2022,629047.0
1215,05111,2023,631217.0
1216,05112,2005,501564.0
1217,05112,2006,499111.0
1218,05112,2007,496665.0
1219,05112,2008,494048.0
1220,05112,2009,491931.0
1221,05112,2010,489559.0
1222,05112,2011,487470.0
1223,05112,2012,486816.0
1224,05112,2013,486855.0
1225,05112,2014,485465.0
1226,05112,2015,491231.0
1227,05112,2016,499845.0
1228,05112,2017,498110.0
1229,05112,2018,498590.0
1230,05112,2019,498686.0
1231,05112,2020,495885.0
1232,05112,2021,495152.0
1233,05112,2022,502211.0
1234,05112,2023,503707.0
1235,05113,2005,585430.0
1236,05113,2006,583198.0
1237,05113,2007,582140.0
1238,05113,2008,579759.0
1239,05113,2009,576259.0
1240,05113,2010,574635.0
1241,05113,2011,565900.0
1242,05113,2012,566862.0
1243,05113,2013,569884.0
1244,05113,2014,573784.0
1245,05113,2015,582624.0
1246,05113,2016,583084.0
1247,05113,2017,583393.0
1248,05113,2018,583109.0
1249,05113,2019,582760.0
1250,05113,2020,582415.0
1251,05113,2021,579432.0
1252,05113,2022,584580.0
1253,05113,2023,586608.0
1254,05114,2005,237701.0
1255,05114,2006,237104.0
1256,05114,2007,236516.0
1257,05114,2008,236333.0
1258,05114,2009,235414.0
1259,05114,2010,235076.0
1260,05114,2011,221864.0
1261,05114,2012,222026.0
1262,05114,2013,222058.0
1263,05114,2014,222500.0
1264,05114,2015,225144.0
1265,05114,2016,226812.0
1266,05114,2017,226699.0
1267,05114,2018,227020.0
1268,05114,2019,227417.0
1269,05114,2020,226844.0
1270,05114,2021,227050.0
1271,05114,2022,228426.0
1272,05114,2023,228550.0
1273,05116,2005,261444.0
1274,05116,2006,260951.0
1275,05116,2007,260018.0
1276,05116,2008,258848.0
1277,05116,2009,258251.0
1278,05116,2010,257993.0
1279,05116,2011,254834.0
1280,05116,2012,255087.0
1281,05116,2013,255430.0
1282,05116,2014,256853.0
1283,05116,2015,259996.0
1284,05116,2016,260925.0
1285,05116,2017,262188.0
1286,05116,2018,261454.0
1287,05116,2019,261034.0
1288,05116,2020,259665.0
1289,05116,2021,261001.0
1290,05116,2022,268465.0
1291,05116,2023,268943.0
1292,05117,2005,169917.0
1293,05117,2006,169414.0
1294,05117,2007,168925.0
1295,05117,2008,168288.0
1296,05117,2009,167471.0
1297,05117,2010,167344.0
1298,05117,2011,166804.0
1299,05117,2012,166654.0
1300,05117,2013,166640.0
1301,05117,2014,167108.0
1302,05117,2015,169278.0
1303,05117,2016,170936.0
1304,05117,2017,171265.0
1305,05117,2018,170880.0
1306,05117,2019,170632.0
1307,05117,2020,170921.0
1308,05117,2021,170739.0
1309,05117,2022,172404.0
1310,05117,2023,173255.0
1311,05119,2005,218898.0
1312,05119,2006,218181.0
1313,05119,2007,217108.0
1314,05119,2008,215670.0
1315,05119,2009,214024.0
1316,05119,2010,212945.0
1317,05119,2011,210256.0
1318,05119,2012,210005.0
1319,05119,2013,209097.0
1320,05119,2014,209292.0
1321,05119,2015,210934.0
1322,05119,2016,211382.0
1323,05119,2017,211422.0
1324,05119,2018,210829.0
1325,05119,2019,210764.0
1326,05119,2020,209566.0
1327,05119,2021,208752.0
1328,05119,2022,210824.0
1329,05119,2023,211099.0
1330,05120,2005,115864.0
1331,05120,2006,114925.0
1332,05120,2007,113935.0
1333,05120,2008,112679.0
1334,05120,2009,111422.0
1335,05120,2010,110563.0
1336,05120,2011,110132.0
1337,05120,2012,109352.0
1338,05120,2013,108955.0
1339,05120,2014,109009.0
1340,05120,2015,109499.0
1341,05120,2016,110611.0
1342,05120,2017,110584.0
1343,05120,2018,110994.0
1344,05120,2019,111338.0
1345,05120,2020,111516.0
1346,05120,2021,111770.0
1347,05120,2022,112613.0
1348,05120,2023,112970.0
1349,05122,2005,163581.0
1350,05122,2006,162948.0
1351,05122,2007,162575.0
1352,05122,2008,161779.0
1353,05122,2009,160992.0
1354,05122,2010,159927.0
1355,05122,2011,155080.0
1356,05122,2012,155316.0
1357,05122,2013,155768.0
1358,05122,2014,156771.0
1359,05122,2015,158726.0
1360,05122,2016,158908.0
1361,05122,2017,158803.0
1362,05122,2018,159360.0
1363,05122,2019,159245.0
1364,05122,2020,159193.0
1365,05122,2021,158957.0
1366,05122,2022,160643.0
1367,05122,2023,161545.0
1368,05124,2005,359237.0
1369,05124,2006,358330.0
1370,05124,2007,356420.0
1371,05124,2008,353308.0
1372,05124,2009,351050.0
1373,05124,2010,349721.0
1374,05124,2011,342570.0
1375,05124,2012,342885.0
1376,05124,2013,343488.0
1377,05124,2014,345425.0
1378,05124,2015,350046.0
1379,05124,2016,352390.0
1380,05124,2017,353590.0
1381,05124,2018,354382.0
1382,05124,2019,355100.0
1383,05124,2020,355004.0
1384,05124,2021,354572.0
1385,05124,2022,358876.0
1386,05124,2023,358938.0
1387,05154,2005,307703.0
1388,05154,2006,308331.0
1389,05154,2007,308928.0
1390,05154,2008,308448.0
1391,05154,2009,308090.0
1392,05154,2010,307807.0
1393,05154,2011,301171.0
1394,05154,2012,301977.0
1395,05154,2013,302698.0
1396,05154,2014,304963.0
1397,05154,2015,310337.0
1398,05154,2016,310329.0
1399,05154,2017,311270.0
1400,05154,2018,310974.0
1401,05154,2019,312465.0
1402,05154,2020,313586.0
1403,05154,2021,314676.0
1404,05154,2022,319290.0
1405,05154,2023,321491.0
1406,05158,2005,504972.0
1407,05158,2006,503492.0
1408,05158,2007,502045.0
1409,05158,2008,499193.0
1410,05158,2009,496445.0
1411,05158,2010,495155.0
1412,05158,2011,477919.0
1413,05158,2012,477397.0
1414,05158,2013,476633.0
1415,05158,2014,477760.0
1416,05158,2015,483279.0
1417,05158,2016,484770.0
1418,05158,2017,485409.0
1419,05158,2018,485684.0
1420,05158,2019,485570.0
1421,05158,2020,484322.0
1422,05158,2021,484411.0
1423,05158,2022,489794.0
1424,05158,2023,490251.0
1425,05162,2005,445255.0
1426,05162,2006,444700.0
1427,05162,2007,444515.0
1428,05162,2008,443608.0
1429,05162,2009,443112.0
1430,05162,2010,443286.0
1431,05162,2011,437732.0
1432,05162,2012,439225.0
1433,05162,2013,440602.0
1434,05162,2014,442522.0
1435,05162,2015,450026.0
1436,05162,2016,447431.0
1437,05162,2017,449408.0
1438,05162,2018,451007.0
1439,05162,2019,451730.0
1440,05162,2020,452001.0
1441,05162,2021,452496.0
1442,05162,2022,457264.0
1443,05162,2023,458722.0
1444,05166,2005,304140.0
1445,05166,2006,303506.0
1446,05166,2007,303331.0
1447,05166,2008,302689.0
1448,05166,2009,301797.0
1449,05166,2010,300417.0
1450,05166,2011,295982.0
1451,05166,2012,295448.0
1452,05166,2013,294921.0
1453,05166,2014,295067.0
1454,05166,2015,297661.0
1455,05166,2016,298422.0
1456,05166,2017,298733.0
1457,05166,2018,298935.0
1458,05166,2019,298863.0
1459,05166,2020,298536.0
1460,05166,2021,298761.0
1461,05166,2022,300882.0
1462,05166,2023,302885.0
1463,05170,2005,476428.0
1464,05170,2006,475433.0
1465,05170,2007,474045.0
1466,05170,2008,472175.0
1467,05170,2009,470364.0
1468,05170,2010,468619.0
1469,05170,2011,459740.0
1470,05170,2012,458329.0
1471,05170,2013,457033.0
1472,05170,2014,457244.0
1473,05170,2015,462664.0
1474,05170,2016,461715.0
1475,05170,2017,460666.0
1476,05170,2018,459809.0
1477,05170,2019,459976.0
1478,05170,2020,460113.0
1479,05170,2021,460433.0
1480,05170,2022,465838.0
1481,05170,2023,467511.0
1482,05314,2005,312818.0
1483,05314,2006,314299.0
1484,05314,2007,316416.0
1485,05314,2008,317949.0
1486,05314,2009,319841.0
1487,05314,2010,324899.0
1488,05314,2011,307530.0
1489,05314,2012,309869.0
1490,05314,2013,311287.0
1491,05314,2014,313958.0
1492,05314,2015,318809.0
1493,05314,2016,322125.0
1494,05314,2017,325490.0
1495,05314,2018,327258.0
1496,05314,2019,329673.0
1497,05314,2020,330579.0
1498,05314,2021,331885.0
1499,05314,2022,336465.0
1500,05314,2023,335789.0
1501,05315,2005,983347.0
1502,05315,2006,989766.0
1503,05315,2007,995397.0
1504,05315,2008,995420.0
1505,05315,2009,998105.0
1506,05315,2010,1007119.0
1507,05315,2011,1013665.0
1508,05315,2012,1024373.0
1509,05315,2013,1034175.0
1510,05315,2014,1046680.0
1511,05315,2015,1060582.0
1512,05315,2016,1075935.0
1513,05315,2017,1080394.0
1514,05315,2018,1085664.0
1515,05315,2019,1087863.0
1516,05315,2020,1083498.0
1517,05315,2021,1073096.0
1518,05315,2022,1084831.0
1519,05315,2023,1087353.0
1520,05316,2005,161227.0
1521,05316,2006,161336.0
1522,05316,2007,161345.0
1523,05316,2008,161322.0
1524,05316,2009,160593.0
1525,05316,2010,160772.0
1526,05316,2011,159373.0
1527,05316,2012,159926.0
1528,05316,2013,160819.0
1529,05316,2014,161540.0
1530,05316,2015,163487.0
1531,05316,2016,163113.0
1532,05316,2017,163577.0
1533,05316,2018,163838.0
1534,05316,2019,163729.0
1535,05316,2020,163905.0
1536,05316,2021,163851.0
1537,05316,2022,165748.0
1538,05316,2023,166414.0
1539,05334,2005,310267.0
1540,05334,2006,310093.0
1541,05334,2007,309929.0
1542,05334,2008,309251.0
1543,05334,2009,566347.0
1544,05334,2010,565714.0
1545,05334,2011,541521.0
1546,05334,2012,542833.0
1547,05334,2013,545067.0
1548,05334,2014,547661.0
1549,05334,2015,553922.0
1550,05334,2016,552472.0
1551,05334,2017,554068.0
1552,05334,2018,555465.0
1553,05334,2019,557026.0
1554,05334,2020,556631.0
1555,05334,2021,556673.0
1556,05334,2022,562559.0
1557,05334,2023,564444.0
1558,05358,2005,272478.0
1559,05358,2006,270917.0
1560,05358,2007,270725.0
1561,05358,2008,269607.0
1562,05358,2009,268637.0
1563,05358,2010,267712.0
1564,05358,2011,258524.0
1565,05358,2012,258651.0
1566,05358,2013,258385.0
1567,05358,2014,259073.0
1568,05358,2015,262828.0
1569,05358,2016,262072.0
1570,05358,2017,262889.0
1571,05358,2018,263722.0
1572,05358,2019,264638.0
1573,05358,2020,265140.0
1574,05358,2021,266771.0
1575,05358,2022,270833.0
1576,05358,2023,272666.0
1577,05362,2005,462862.0
1578,05362,2006,463147.0
1579,05362,2007,464209.0
1580,05362,2008,464061.0
1581,05362,2009,464018.0
1582,05362,2010,464130.0
1583,05362,2011,452792.0
1584,05362,2012,454792.0
1585,05362,2013,456602.0
1586,05362,2014,459448.0
1587,05362,2015,466657.0
1588,05362,2016,465549.0
1589,05362,2017,467209.0
1590,05362,2018,470089.0
1591,05362,2019,470615.0
1592,05362,2020,469611.0
1593,05362,2021,471891.0
1594,05362,2022,478126.0
1595,05362,2023,480989.0
1596,05366,2005,193304.0
1597,05366,2006,193191.0
1598,05366,2007,192973.0
1599,05366,2008,192638.0
1600,05366,2009,192088.0
1601,05366,2010,190962.0
1602,05366,2011,187801.0
1603,05366,2012,187724.0
1604,05366,2013,187437.0
1605,05366,2014,188158.0
1606,05366,2015,191165.0
1607,05366,2016,191202.0
1608,05366,2017,192127.0
1609,05366,2018,192840.0
1610,05366,2019,193656.0
1611,05366,2020,194359.0
1612,05366,2021,194701.0
1613,05366,2022,197247.0
1614,05366,2023,199828.0
1615,05370,2005,257326.0
1616,05370,2006,257282.0
1617,05370,2007,256850.0
1618,05370,2008,256004.0
1619,05370,2009,255158.0
1620,05370,2010,254936.0
1621,05370,2011,248161.0
1622,05370,2012,247827.0
1623,05370,2013,248233.0
1624,05370,2014,249310.0
1625,05370,2015,252527.0
1626,05370,2016,252651.0
1627,05370,2017,253106.0
1628,05370,2018,254322.0
1629,05370,2019,255555.0
1630,05370,2020,256458.0
1631,05370,2021,258306.0
1632,05370,2022,261833.0
1633,05370,2023,262656.0
1634,05374,2005,289836.0
1635,05374,2006,288405.0
1636,05374,2007,286801.0
1637,05374,2008,284890.0
1638,05374,2009,282636.0
1639,05374,2010,280840.0
1640,05374,2011,272287.0
1641,05374,2012,271332.0
1642,05374,2013,270290.0
1643,05374,2014,270618.0
1644,05374,2015,273452.0
1645,05374,2016,273139.0
1646,05374,2017,272968.0
1647,05374,2018,272471.0
1648,05374,2019,272057.0
1649,05374,2020,271699.0
1650,05374,2021,271621.0
1651,05374,2022,275404.0
1652,05374,2023,275735.0
1653,05378,2005,279092.0
1654,05378,2006,278658.0
1655,05378,2007,278345.0
1656,05378,2008,277635.0
1657,05378,2009,277214.0
1658,05378,2010,276927.0
1659,05378,2011,277816.0
1660,05378,2012,277997.0
1661,05378,2013,278440.0
1662,05378,2014,279497.0
1663,05378,2015,282729.0
1664,05378,2016,283304.0
1665,05378,2017,283344.0
1666,05378,2018,283455.0
1667,05378,2019,283271.0
1668,05378,2020,283275.0
1669,05378,2021,283429.0
1670,05378,2022,286213.0
1671,05378,2023,286778.0
1672,05382,2005,597857.0
1673,05382,2006,598805.0
1674,05382,2007,599042.0
1675,05382,2008,598225.0
1676,05382,2009,598407.0
1677,05382,2010,598736.0
1678,05382,2011,579594.0
1679,05382,2012,580588.0
1680,05382,2013,582280.0
1681,05382,2014,585781.0
1682,05382,2015,596213.0
1683,05382,2016,597854.0
1684,05382,2017,599056.0
1685,05382,2018,599780.0
1686,05382,2019,600764.0
1687,05382,2020,600375.0
1688,05382,2021,600732.0
1689,05382,2022,608335.0
1690,05382,2023,610537.0
1691,05512,2005,119356.0
1692,05512,2006,118975.0
1693,05512,2007,118597.0
1694,05512,2008,117756.0
1695,05512,2009,117241.0
1696,05512,2010,116771.0
1697,05512,2011,117074.0
1698,05512,2012,116498.0
1699,05512,2013,116055.0
1700,05512,2014,116017.0
1701,05512,2015,117143.0
1702,05512,2016,117409.0
1703,05512,2017,117364.0
1704,05512,2018,117383.0
1705,05512,2019,117565.0
1706,05512,2020,117388.0
1707,05512,2021,117311.0
1708,05512,2022,118113.0
1709,05512,2023,118705.0
1710,05513,2005,268102.0
1711,05513,2006,266772.0
1712,05513,2007,264765.0
1713,05513,2008,262063.0
1714,05513,2009,259744.0
1715,05513,2010,257981.0
1716,05513,2011,257994.0
1717,05513,2012,257607.0
1718,05513,2013,257850.0
1719,05513,2014,257651.0
1720,05513,2015,260368.0
1721,05513,2016,262528.0
1722,05513,2017,260305.0
1723,05513,2018,260654.0
1724,05513,2019,259645.0
1725,05513,2020,259105.0
1726,05513,2021,260126.0
1727,05513,2022,263000.0
1728,05513,2023,265885.0
1729,05515,2005,270868.0
1730,05515,2006,272106.0
1731,05515,2007,272951.0
1732,05515,2008,273875.0
1733,05515,2009,275543.0
1734,05515,2010,279803.0
1735,05515,2011,293393.0
1736,05515,2012,296599.0
1737,05515,2013,299708.0
1738,05515,2014,302178.0
1739,05515,2015,310039.0
1740,05515,2016,311846.0
1741,05515,2017,313559.0
1742,05515,2018,314319.0
1743,05515,2019,315293.0
1744,05515,2020,316403.0
1745,05515,2021,317713.0
1746,05515,2022,320946.0
1747,05515,2023,322904.0
1748,05554,2005,369112.0
1749,05554,2006,369500.0
1750,05554,2007,370196.0
1751,05554,2008,370323.0
1752,05554,2009,369666.0
1753,05554,2010,369633.0
1754,05554,2011,364093.0
1755,05554,2012,363819.0
1756,05554,2013,364271.0
1757,05554,2014,365191.0
1758,05554,2015,369666.0
1759,05554,2016,369226.0
1760,05554,2017,369718.0
1761,05554,2018,370676.0
1762,05554,2019,371339.0
1763,05554,2020,371898.0
1764,05554,2021,373582.0
1765,05554,2022,379070.0
1766,05554,2023,381627.0
1767,05558,2005,221001.0
1768,05558,2006,221494.0
1769,05558,2007,221381.0
1770,05558,2008,220662.0
1771,05558,2009,220261.0
1772,05558,2010,219784.0
1773,05558,2011,215031.0
1774,05558,2012,215087.0
1775,05558,2013,215282.0
1776,05558,2014,215996.0
1777,05558,2015,218401.0
1778,05558,2016,219019.0
1779,05558,2017,219360.0
1780,05558,2018,219929.0
1781,05558,2019,220586.0
1782,05558,2020,220712.0
1783,05558,2021,221352.0
1784,05558,2022,224692.0
1785,05558,2023,226160.0
1786,05562,2005,646558.0
1787,05562,2006,643411.0
1788,05562,2007,639811.0
1789,05562,2008,636180.0
1790,05562,2009,632535.0
1791,05562,2010,628817.0
1792,05562,2011,617831.0
1793,05562,2012,615778.0
1794,05562,2013,613878.0
1795,05562,2014,613092.0
1796,05562,2015,617807.0
1797,05562,2016,617195.0
1798,05562,2017,616824.0
1799,05562,2018,615261.0
1800,05562,2019,614137.0
1801,05562,2020,613599.0
1802,05562,2021,612801.0
1803,05562,2022,619732.0
1804,05562,2023,620646.0
1805,05566,2005,444231.0
1806,05566,2006,444393.0
1807,05566,2007,445019.0
1808,05566,2008,444399.0
1809,05566,2009,443643.0
1810,05566,2010,443357.0
1811,05566,2011,433820.0
1812,05566,2012,434170.0
1813,05566,2013,434481.0
1814,05566,2014,437127.0
1815,05566,2015,443374.0
1816,05566,2016,444409.0
1817,05566,2017,446565.0
1818,05566,2018,447614.0
1819,05566,2019,448220.0
1820,05566,2020,448197.0
1821,05566,2021,450176.0
1822,05566,2022,456464.0
1823,05566,2023,459195.0
1824,05570,2005,283395.0
1825,05570,2006,282721.0
1826,05570,2007,281641.0
1827,05570,2008,280107.0
1828,05570,2009,279003.0
1829,05570,2010,278145.0
1830,05570,2011,272985.0
1831,05570,2012,272832.0
1832,05570,2013,272623.0
1833,05570,2014,273412.0
1834,05570,2015,277431.0
1835,05570,2016,277744.0
1836,05570,2017,277458.0
1837,05570,2018,277783.0
1838,05570,2019,277840.0
1839,05570,2020,277417.0
1840,05570,2021,278176.0
1841,05570,2022,282263.0
1842,05570,2023,283295.0
1843,05711,2005,326925.0
1844,05711,2006,325846.0
1845,05711,2007,324912.0
1846,05711,2008,323615.0
1847,05711,2009,323084.0
1848,05711,2010,323270.0
1849,05711,2011,327199.0
1850,05711,2012,328314.0
1851,05711,2013,328864.0
1852,05711,2014,329782.0
1853,05711,2015,333090.0
1854,05711,2016,333451.0
1855,05711,2017,332552.0
1856,05711,2018,333786.0
1857,05711,2019,334195.0
1858,05711,2020,333509.0
1859,05711,2021,334002.0
1860,05711,2022,338332.0
1861,05711,2023,338410.0
1862,05754,2005,353250.0
1863,05754,2006,354057.0
1864,05754,2007,354239.0
1865,05754,2008,353944.0
1866,05754,2009,353514.0
1867,05754,2010,353766.0
1868,05754,2011,350814.0
1869,05754,2012,351624.0
1870,05754,2013,352334.0
1871,05754,2014,354463.0
1872,05754,2015,360642.0
1873,05754,2016,361828.0
1874,05754,2017,363049.0
1875,05754,2018,364083.0
1876,05754,2019,364938.0
1877,05754,2020,364818.0
1878,05754,2021,366104.0
1879,05754,2022,371309.0
1880,05754,2023,372938.0
1881,05758,2005,254507.0
1882,05758,2006,253751.0
1883,05758,2007,252949.0
1884,05758,2008,251567.0
1885,05758,2009,250247.0
1886,05758,2010,249020.0
1887,05758,2011,249947.0
1888,05758,2012,249147.0
1889,05758,2013,248988.0
1890,05758,2014,249219.0
1891,05758,2015,252122.0
1892,05758,2016,251074.0
1893,05758,2017,251539.0
1894,05758,2018,250783.0
1895,05758,2019,250578.0
1896,05758,2020,250547.0
1897,05758,2021,250635.0
1898,05758,2022,253551.0
1899,05758,2023,253136.0
1900,05762,2005,153550.0
1901,05762,2006,152627.0
1902,05762,2007,151277.0
1903,05762,2008,149800.0
1904,05762,2009,148470.0
1905,05762,2010,147140.0
1906,05762,2011,144891.0
1907,05762,2012,143709.0
1908,05762,2013,142788.0
1909,05762,2014,142770.0
1910,05762,2015,144010.0
1911,05762,2016,141855.0
1912,05762,2017,141565.0
1913,05762,2018,140667.0
1914,05762,2019,140251.0
1915,05762,2020,139729.0
1916,05762,2021,139994.0
1917,05762,2022,141819.0
1918,05762,2023,141883.0
1919,05766,2005,360858.0
1920,05766,2006,359192.0
1921,05766,2007,357582.0
1922,05766,2008,355178.0
1923,05766,2009,353007.0
1924,05766,2010,351158.0
1925,05766,2011,347729.0
1926,05766,2012,346496.0
1927,05766,2013,345374.0
1928,05766,2014,345127.0
1929,05766,2015,350750.0
1930,05766,2016,348933.0
1931,05766,2017,349069.0
1932,05766,2018,348391.0
1933,05766,2019,347514.0
1934,05766,2020,346970.0
1935,05766,2021,346151.0
1936,05766,2022,350588.0
1937,05766,2023,349781.0
1938,05770,2005,321965.0
1939,05770,2006,320813.0
1940,05770,2007,319401.0
1941,05770,2008,317665.0
1942,05770,2009,315784.0
1943,05770,2010,314153.0
1944,05770,2011,310932.0
1945,05770,2012,309990.0
1946,05770,2013,309356.0
1947,05770,2014,309216.0
1948,05770,2015,313050.0
1949,05770,2016,311866.0
1950,05770,2017,311207.0
1951,05770,2018,310710.0
1952,05770,2019,310409.0
1953,05770,2020,310270.0
1954,05770,2021,311214.0
1955,05770,2022,315974.0
1956,05770,2023,316196.0
1957,05774,2005,298703.0
1958,05774,2006,299127.0
1959,05774,2007,298838.0
1960,05774,2008,298869.0
1961,05774,2009,299106.0
1962,05774,2010,299816.0
1963,05774,2011,295614.0
1964,05774,2012,296135.0
1965,05774,2013,296688.0
1966,05774,2014,299071.0
1967,05774,2015,304332.0
1968,05774,2016,305198.0
1969,05774,2017,305362.0
1970,05774,2018,306890.0
1971,05774,2019,307839.0
1972,05774,2020,308335.0
1973,05774,2021,309380.0
1974,05774,2022,313758.0
1975,05774,2023,315400.0
1976,05911,2005,385626.0
1977,05911,2006,383743.0
1978,05911,2007,381542.0
1979,05911,2008,378596.0
1980,05911,2009,376319.0
1981,05911,2010,374737.0
1982,05911,2011,362585.0
1983,05911,2012,362213.0
1984,05911,2013,361734.0
1985,05911,2014,361876.0
1986,05911,2015,364742.0
1987,05911,2016,364920.0
1988,05911,2017,365529.0
1989,05911,2018,364628.0
1990,05911,2019,365587.0
1991,05911,2020,364454.0
1992,05911,2021,363441.0
1993,05911,2022,365742.0
1994,05911,2023,366385.0
1995,05913,2005,588168.0
1996,05913,2006,587624.0
1997,05913,2007,586909.0
1998,05913,2008,584412.0
1999,05913,2009,581308.0
2000,05913,2010,580444.0
2001,05913,2011,571403.0
2002,05913,2012,572087.0
2003,05913,2013,575944.0
2004,05913,2014,580511.0
2005,05913,2015,586181.0
2006,05913,2016,585813.0
2007,05913,2017,586600.0
2008,05913,2018,587010.0
2009,05913,2019,588250.0
2010,05913,2020,587696.0
2011,05913,2021,586852.0
2012,05913,2022,593317.0
2013,05913,2023,595471.0
2014,05914,2005,196934.0
2015,05914,2006,195671.0
2016,05914,2007,193748.0
2017,05914,2008,192177.0
2018,05914,2009,190121.0
2019,05914,2010,188529.0
2020,05914,2011,187333.0
2021,05914,2012,186243.0
2022,05914,2013,185996.0
2023,05914,2014,186716.0
2024,05914,2015,189044.0
2025,05914,2016,188266.0
2026,05914,2017,187730.0
2027,05914,2018,188814.0
2028,05914,2019,188686.0
2029,05914,2020,188687.0
2030,05914,2021,188713.0
2031,05914,2022,189783.0
2032,05914,2023,190490.0
2033,05915,2005,184239.0
2034,05915,2006,183672.0
2035,05915,2007,183065.0
2036,05915,2008,182459.0
2037,05915,2009,181741.0
2038,05915,2010,181783.0
2039,05915,2011,176474.0
2040,05915,2012,176440.0
2041,05915,2013,176048.0
2042,05915,2014,176580.0
2043,05915,2015,179397.0
2044,05915,2016,179571.0
2045,05915,2017,179185.0
2046,05915,2018,179111.0
2047,05915,2019,179916.0
2048,05915,2020,178967.0
2049,05915,2021,179238.0
2050,05915,2022,180849.0
2051,05915,2023,180761.0
2052,05916,2005,170992.0
2053,05916,2006,169991.0
2054,05916,2007,168454.0
2055,05916,2008,166924.0
2056,05916,2009,165632.0
2057,05916,2010,164762.0
2058,05916,2011,154887.0
2059,05916,2012,154563.0
2060,05916,2013,154417.0
2061,05916,2014,154608.0
2062,05916,2015,155851.0
2063,05916,2016,156774.0
2064,05916,2017,156490.0
2065,05916,2018,156374.0
2066,05916,2019,156449.0
2067,05916,2020,156940.0
2068,05916,2021,156621.0
2069,05916,2022,157368.0
2070,05916,2023,157896.0
2071,05954,2005,342642.0
2072,05954,2006,340557.0
2073,05954,2007,338466.0
2074,05954,2008,335914.0
2075,05954,2009,333729.0
2076,05954,2010,331575.0
2077,05954,2011,325145.0
2078,05954,2012,324223.0
2079,05954,2013,322731.0
2080,05954,2014,322916.0
2081,05954,2015,325954.0
2082,05954,2016,325374.0
2083,05954,2017,324670.0
2084,05954,2018,324296.0
2085,05954,2019,324106.0
2086,05954,2020,323130.0
2087,05954,2021,322143.0
2088,05954,2022,325193.0
2089,05954,2023,324946.0
2090,05958,2005,277219.0
2091,05958,2006,275522.0
2092,05958,2007,273898.0
2093,05958,2008,271891.0
2094,05958,2009,269927.0
2095,05958,2010,267601.0
2096,05958,2011,265199.0
2097,05958,2012,263720.0
2098,05958,2013,261999.0
2099,05958,2014,261561.0
2100,05958,2015,263762.0
2101,05958,2016,262269.0
2102,05958,2017,261591.0
2103,05958,2018,260475.0
2104,05958,2019,259777.0
2105,05958,2020,259030.0
2106,05958,2021,258615.0
2107,05958,2022,261647.0
2108,05958,2023,261774.0
2109,05962,2005,448800.0
2110,05962,2006,445043.0
2111,05962,2007,441704.0
2112,05962,2008,437785.0
2113,05962,2009,434031.0
2114,05962,2010,430965.0
2115,05962,2011,422614.0
2116,05962,2012,419976.0
2117,05962,2013,416240.0
2118,05962,2014,413820.0
2119,05962,2015,416171.0
2120,05962,2016,414886.0
2121,05962,2017,413383.0
2122,05962,2018,412120.0
2123,05962,2019,410222.0
2124,05962,2020,408662.0
2125,05962,2021,406793.0
2126,05962,2022,410346.0
2127,05962,2023,408579.0
2128,05966,2005,141776.0
2129,05966,2006,141259.0
2130,05966,2007,140973.0
2131,05966,2008,140481.0
2132,05966,2009,139666.0
2133,05966,2010,138961.0
2134,05966,2011,136144.0
2135,05966,2012,135523.0
2136,05966,2013,134947.0
2137,05966,2014,134759.0
2138,05966,2015,136365.0
2139,05966,2016,134983.0
2140,05966,2017,134808.0
2141,05966,2018,134775.0
2142,05966,2019,133955.0
2143,05966,2020,133362.0
2144,05966,2021,133120.0
2145,05966,2022,134439.0
2146,05966,2023,134332.0
2147,05970,2005,291372.0
2148,05970,2006,289826.0
2149,05970,2007,288441.0
2150,05970,2008,286299.0
2151,05970,2009,284405.0
2152,05970,2010,282681.0
2153,05970,2011,276227.0
2154,05970,2012,275594.0
2155,05970,2013,274904.0
2156,05970,2014,275909.0
2157,05970,2015,280800.0
2158,05970,2016,277933.0
2159,05970,2017,277977.0
2160,05970,2018,278210.0
2161,05970,2019,276944.0
2162,05970,2020,275491.0
2163,05970,2021,274342.0
2164,05970,2022,277136.0
2165,05970,2023,276625.0
2166,05974,2005,308856.0
2167,05974,2006,307790.0
2168,05974,2007,307159.0
2169,05974,2008,306131.0
2170,05974,2009,305097.0
2171,05974,2010,304167.0
2172,05974,2011,296540.0
2173,05974,2012,296029.0
2174,05974,2013,294971.0
2175,05974,2014,296742.0
2176,05974,2015,302995.0
2177,05974,2016,301655.0
2178,05974,2017,301693.0
2179,05974,2018,301902.0
2180,05974,2019,301785.0
2181,05974,2020,301016.0
2182,05974,2021,302298.0
2183,05974,2022,306068.0
2184,05974,2023,306674.0
2185,05978,2005,423830.0
2186,05978,2006,421464.0
2187,05978,2007,419353.0
2188,05978,2008,416679.0
2189,05978,2009,414056.0
2190,05978,2010,411806.0
2191,05978,2011,394873.0
2192,05978,2012,392940.0
2193,05978,2013,391622.0
2194,05978,2014,391774.0
2195,05978,2015,396035.0
2196,05978,2016,393869.0
2197,05978,2017,393934.0
2198,05978,2018,394782.0
2199,05978,2019,394891.0
2200,05978,2020,393618.0
2201,05978,2021,393063.0
2202,05978,2022,398866.0
2203,05978,2023,399447.0
2204,06411,2005,140562.0
2205,06411,2006,141257.0
2206,06411,2007,142191.0
2207,06411,2008,142310.0
2208,06411,2009,143332.0
2209,06411,2010,144402.0
2210,06411,2011,145845.0
2211,06411,2012,147925.0
2212,06411,2013,149743.0
2213,06411,2014,151879.0
2214,06411,2015,155353.0
2215,06411,2016,157437.0
2216,06411,2017,158254.0
2217,06411,2018,159207.0
2218,06411,2019,159878.0
2219,06411,2020,159174.0
2220,06411,2021,159631.0
2221,06411,2022,162243.0
2222,06411,2023,164792.0
2223,06412,2005,651899.0
2224,06412,2006,652610.0
2225,06412,2007,659021.0
2226,06412,2008,664838.0
2227,06412,2009,671927.0
2228,06412,2010,679664.0
2229,06412,2011,676533.0
2230,06412,2012,687775.0
2231,06412,2013,701350.0
2232,06412,2014,717624.0
2233,06412,2015,732688.0
2234,06412,2016,736414.0
2235,06412,2017,746878.0
2236,06412,2018,753056.0
2237,06412,2019,763380.0
2238,06412,2020,764104.0
2239,06412,2021,759224.0
2240,06412,2022,773068.0
2241,06412,2023,775790.0
2242,06413,2005,119430.0
2243,06413,2006,117564.0
2244,06413,2007,118245.0
2245,06413,2008,118977.0
2246,06413,2009,118770.0
2247,06413,2010,120435.0
2248,06413,2011,114855.0
2249,06413,2012,116945.0
2250,06413,2013,119203.0
2251,06413,2014,120988.0
2252,06413,2015,123734.0
2253,06413,2016,124589.0
2254,06413,2017,126658.0
2255,06413,2018,128744.0
2256,06413,2019,130280.0
2257,06413,2020,130892.0
2258,06413,2021,131295.0
2259,06413,2022,134170.0
2260,06413,2023,135490.0
2261,06414,2005,274611.0
2262,06414,2006,275562.0
2263,06414,2007,275849.0
2264,06414,2008,276742.0
2265,06414,2009,277493.0
2266,06414,2010,275976.0
2267,06414,2011,270952.0
2268,06414,2012,272636.0
2269,06414,2013,273871.0
2270,06414,2014,275116.0
2271,06414,2015,276218.0
2272,06414,2016,277619.0
2273,06414,2017,278654.0
2274,06414,2018,278342.0
2275,06414,2019,278474.0
2276,06414,2020,278609.0
2277,06414,2021,278950.0
2278,06414,2022,283083.0
2279,06414,2023,285522.0
2280,06431,2005,266312.0
2281,06431,2006,264985.0
2282,06431,2007,264380.0
2283,06431,2008,263465.0
2284,06431,2009,262796.0
2285,06431,2010,262650.0
2286,06431,2011,261158.0
2287,06431,2012,261695.0
2288,06431,2013,262322.0
2289,06431,2014,263822.0
2290,06431,2015,266928.0
2291,06431,2016,267935.0
2292,06431,2017,268780.0
2293,06431,2018,269694.0
2294,06431,2019,270340.0
2295,06431,2020,271015.0
2296,06431,2021,271166.0
2297,06431,2022,275205.0
2298,06431,2023,276295.0
2299,06432,2005,290292.0
2300,06432,2006,289635.0
2301,06432,2007,289071.0
2302,06432,2008,288701.0
2303,06432,2009,288918.0
2304,06432,2010,289199.0
2305,06432,2011,283465.0
2306,06432,2012,284413.0
2307,06432,2013,285407.0
2308,06432,2014,287966.0
2309,06432,2015,292773.0
2310,06432,2016,294744.0
2311,06432,2017,296048.0
2312,06432,2018,297399.0
2313,06432,2019,297844.0
2314,06432,2020,297701.0
2315,06432,2021,296900.0
2316,06432,2022,300658.0
2317,06432,2023,301827.0
2318,06433,2005,251905.0
2319,06433,2006,252133.0
2320,06433,2007,253013.0
2321,06433,2008,253576.0
2322,06433,2009,253599.0
2323,06433,2010,254887.0
2324,06433,2011,252770.0
2325,06433,2012,254883.0
2326,06433,2013,257301.0
2327,06433,2014,260793.0
2328,06433,2015,266042.0
2329,06433,2016,269045.0
2330,06433,2017,271403.0
2331,06433,2018,274526.0
2332,06433,2019,275726.0
2333,06433,2020,275807.0
2334,06433,2021,276307.0
2335,06433,2022,280308.0
2336,06433,2023,281712.0
2337,06434,2005,227338.0
2338,06434,2006,226552.0
2339,06434,2007,226043.0
2340,06434,2008,225737.0
2341,06434,2009,226290.0
2342,06434,2010,227425.0
2343,06434,2011,226964.0
2344,06434,2012,228098.0
2345,06434,2013,229167.0
2346,06434,2014,230798.0
2347,06434,2015,233427.0
2348,06434,2016,234991.0
2349,06434,2017,235995.0
2350,06434,2018,236564.0
2351,06434,2019,236914.0
2352,06434,2020,237281.0
2353,06434,2021,237041.0
2354,06434,2022,239488.0
2355,06434,2023,241449.0
2356,06435,2005,409941.0
2357,06435,2006,408826.0
2358,06435,2007,408162.0
2359,06435,2008,407456.0
2360,06435,2009,407022.0
2361,06435,2010,407234.0
2362,06435,2011,401823.0
2363,06435,2012,403134.0
2364,06435,2013,404995.0
2365,06435,2014,407619.0
2366,06435,2015,411956.0
2367,06435,2016,416715.0
2368,06435,2017,418208.0
2369,06435,2018,418950.0
2370,06435,2019,420552.0
2371,06435,2020,421689.0
2372,06435,2021,423465.0
2373,06435,2022,430838.0
2374,06435,2023,434002.0
2375,06436,2005,224057.0
2376,06436,2006,224347.0
2377,06436,2007,225426.0
2378,06436,2008,226072.0
2379,06436,2009,226647.0
2380,06436,2010,227398.0
2381,06436,2011,224823.0
2382,06436,2012,226113.0
2383,06436,2013,228021.0
2384,06436,2014,229976.0
2385,06436,2015,232848.0
2386,06436,2016,235708.0
2387,06436,2017,236969.0
2388,06436,2018,237735.0
2389,06436,2019,238558.0
2390,06436,2020,239264.0
2391,06436,2021,239276.0
2392,06436,2022,242420.0
2393,06436,2023,243307.0
2394,06437,2005,100174.0
2395,06437,2006,99640.0
2396,06437,2007,98954.0
2397,06437,2008,98092.0
2398,06437,2009,97502.0
2399,06437,2010,97032.0
2400,06437,2011,96785.0
2401,06437,2012,96648.0
2402,06437,2013,96201.0
2403,06437,2014,96082.0
2404,06437,2015,97000.0
2405,06437,2016,96473.0
2406,06437,2017,96597.0
2407,06437,2018,96798.0
2408,06437,2019,96703.0
2409,06437,2020,96754.0
2410,06437,2021,96953.0
2411,06437,2022,97577.0
2412,06437,2023,97182.0
2413,06438,2005,337481.0
2414,06438,2006,336579.0
2415,06438,2007,336671.0
2416,06438,2008,336818.0
2417,06438,2009,337163.0
2418,06438,2010,338061.0
2419,06438,2011,334019.0
2420,06438,2012,336265.0
2421,06438,2013,338300.0
2422,06438,2014,341669.0
2423,06438,2015,347357.0
2424,06438,2016,349982.0
2425,06438,2017,351692.0
2426,06438,2018,354092.0
2427,06438,2019,355813.0
2428,06438,2020,356542.0
2429,06438,2021,357466.0
2430,06438,2022,362137.0
2431,06438,2023,364457.0
2432,06439,2005,185237.0
2433,06439,2006,184288.0
2434,06439,2007,184152.0
2435,06439,2008,183487.0
2436,06439,2009,183303.0
2437,06439,2010,183125.0
2438,06439,2011,180506.0
2439,06439,2012,180911.0
2440,06439,2013,181190.0
2441,06439,2014,182117.0
2442,06439,2015,184114.0
2443,06439,2016,185668.0
2444,06439,2017,186602.0
2445,06439,2018,187157.0
2446,06439,2019,187160.0
2447,06439,2020,187433.0
2448,06439,2021,187229.0
2449,06439,2022,189614.0
2450,06439,2023,189918.0
2451,06440,2005,298885.0
2452,06440,2006,298928.0
2453,06440,2007,299054.0
2454,06440,2008,298496.0
2455,06440,2009,298179.0
2456,06440,2010,298015.0
2457,06440,2011,293113.0
2458,06440,2012,293940.0
2459,06440,2013,295408.0
2460,06440,2014,297369.0
2461,06440,2015,301931.0
2462,06440,2016,303914.0
2463,06440,2017,305312.0
2464,06440,2018,306460.0
2465,06440,2019,308339.0
2466,06440,2020,310353.0
2467,06440,2021,311661.0
2468,06440,2022,317298.0
2469,06440,2023,318559.0
2470,06531,2005,255896.0
2471,06531,2006,255925.0
2472,06531,2007,255776.0
2473,06531,2008,255299.0
2474,06531,2009,255765.0
2475,06531,2010,256473.0
2476,06531,2011,252587.0
2477,06531,2012,253041.0
2478,06531,2013,253820.0
2479,06531,2014,259834.0
2480,06531,2015,262505.0
2481,06531,2016,265699.0
2482,06531,2017,267056.0
2483,06531,2018,268876.0
2484,06531,2019,270688.0
2485,06531,2020,271667.0
2486,06531,2021,272874.0
2487,06531,2022,278664.0
2488,06531,2023,280268.0
2489,06532,2005,260512.0
2490,06532,2006,259359.0
2491,06532,2007,258063.0
2492,06532,2008,256582.0
2493,06532,2009,254878.0
2494,06532,2010,253553.0
2495,06532,2011,252899.0
2496,06532,2012,252106.0
2497,06532,2013,251327.0
2498,06532,2014,251440.0
2499,06532,2015,253167.0
2500,06532,2016,254074.0
2501,06532,2017,254164.0
2502,06532,2018,253777.0
2503,06532,2019,253319.0
2504,06532,2020,253373.0
2505,06532,2021,253364.0
2506,06532,2022,257289.0
2507,06532,2023,258488.0
2508,06533,2005,175750.0
2509,06533,2006,174541.0
2510,06533,2007,173754.0
2511,06533,2008,172738.0
2512,06533,2009,171487.0
2513,06533,2010,170714.0
2514,06533,2011,170471.0
2515,06533,2012,169904.0
2516,06533,2013,169964.0
2517,06533,2014,170385.0
2518,06533,2015,171922.0
2519,06533,2016,172120.0
2520,06533,2017,171971.0
2521,06533,2018,172083.0
2522,06533,2019,171912.0
2523,06533,2020,172291.0
2524,06533,2021,172759.0
2525,06533,2022,174884.0
2526,06533,2023,175690.0
2527,06534,2005,253384.0
2528,06534,2006,252938.0
2529,06534,2007,252187.0
2530,06534,2008,251800.0
2531,06534,2009,251150.0
2532,06534,2010,251080.0
2533,06534,2011,241574.0
2534,06534,2012,241279.0
2535,06534,2013,241656.0
2536,06534,2014,241598.0
2537,06534,2015,245241.0
2538,06534,2016,245013.0
2539,06534,2017,246165.0
2540,06534,2018,246648.0
2541,06534,2019,247084.0
2542,06534,2020,245903.0
2543,06534,2021,246097.0
2544,06534,2022,249684.0
2545,06534,2023,250441.0
2546,06535,2005,115781.0
2547,06535,2006,114790.0
2548,06535,2007,113479.0
2549,06535,2008,112264.0
2550,06535,2009,110989.0
2551,06535,2010,109451.0
2552,06535,2011,107994.0
2553,06535,2012,106947.0
2554,06535,2013,106383.0
2555,06535,2014,105763.0
2556,06535,2015,107256.0
2557,06535,2016,106737.0
2558,06535,2017,106451.0
2559,06535,2018,105878.0
2560,06535,2019,105643.0
2561,06535,2020,105506.0
2562,06535,2021,105671.0
2563,06535,2022,106833.0
2564,06535,2023,106792.0
2565,06611,2005,194427.0
2566,06611,2006,193518.0
2567,06611,2007,193803.0
2568,06611,2008,194168.0
2569,06611,2009,194774.0
2570,06611,2010,195530.0
2571,06611,2011,191854.0
2572,06611,2012,192874.0
2573,06611,2013,194087.0
2574,06611,2014,194747.0
2575,06611,2015,197984.0
2576,06611,2016,199062.0
2577,06611,2017,200736.0
2578,06611,2018,201585.0
2579,06611,2019,202137.0
2580,06611,2020,201048.0
2581,06611,2021,200406.0
2582,06611,2022,204202.0
2583,06611,2023,204687.0
2584,06631,2005,219813.0
2585,06631,2006,219420.0
2586,06631,2007,219055.0
2587,06631,2008,218421.0
2588,06631,2009,217759.0
2589,06631,2010,217255.0
2590,06631,2011,215945.0
2591,06631,2012,216093.0
2592,06631,2013,216314.0
2593,06631,2014,217326.0
2594,06631,2015,220132.0
2595,06631,2016,221170.0
2596,06631,2017,221783.0
2597,06631,2018,222584.0
2598,06631,2019,223145.0
2599,06631,2020,223023.0
2600,06631,2021,223572.0
2601,06631,2022,227456.0
2602,06631,2023,228713.0
2603,06632,2005,127156.0
2604,06632,2006,126100.0
2605,06632,2007,125211.0
2606,06632,2008,123984.0
2607,06632,2009,122812.0
2608,06632,2010,122233.0
2609,06632,2011,120776.0
2610,06632,2012,120165.0
2611,06632,2013,119651.0
2612,06632,2014,119394.0
2613,06632,2015,121166.0
2614,06632,2016,121037.0
2615,06632,2017,121101.0
2616,06632,2018,120829.0
2617,06632,2019,120719.0
2618,06632,2020,120304.0
2619,06632,2021,120163.0
2620,06632,2022,121566.0
2621,06632,2023,121348.0
2622,06633,2005,243791.0
2623,06633,2006,242117.0
2624,06633,2007,240728.0
2625,06633,2008,239236.0
2626,06633,2009,237973.0
2627,06633,2010,236986.0
2628,06633,2011,234680.0
2629,06633,2012,234206.0
2630,06633,2013,233352.0
2631,06633,2014,233451.0
2632,06633,2015,235813.0
2633,06633,2016,236905.0
2634,06633,2017,236674.0
2635,06633,2018,236633.0
2636,06633,2019,236764.0
2637,06633,2020,237007.0
2638,06633,2021,237268.0
2639,06633,2022,240718.0
2640,06633,2023,241095.0
2641,06634,2005,189935.0
2642,06634,2006,188335.0
2643,06634,2007,187058.0
2644,06634,2008,185310.0
2645,06634,2009,183714.0
2646,06634,2010,182622.0
2647,06634,2011,181327.0
2648,06634,2012,180279.0
2649,06634,2013,179429.0
2650,06634,2014,179466.0
2651,06634,2015,180310.0
2652,06634,2016,181105.0
2653,06634,2017,180754.0
2654,06634,2018,180222.0
2655,06634,2019,179673.0
2656,06634,2020,179840.0
2657,06634,2021,180052.0
2658,06634,2022,182595.0
2659,06634,2023,183501.0
2660,06635,2005,168293.0
2661,06635,2006,167121.0
2662,06635,2007,166053.0
2663,06635,2008,164652.0
2664,06635,2009,163129.0
2665,06635,2010,161871.0
2666,06635,2011,158210.0
2667,06635,2012,157293.0
2668,06635,2013,156607.0
2669,06635,2014,156460.0
2670,06635,2015,157592.0
2671,06635,2016,157967.0
2672,06635,2017,157256.0
2673,06635,2018,156953.0
2674,06635,2019,156406.0
2675,06635,2020,156528.0
2676,06635,2021,156513.0
2677,06635,2022,159154.0
2678,06635,2023,159189.0
2679,06636,2005,109492.0
2680,06636,2006,108289.0
2681,06636,2007,107156.0
2682,06636,2008,105732.0
2683,06636,2009,104580.0
2684,06636,2010,103750.0
2685,06636,2011,101843.0
2686,06636,2012,100913.0
2687,06636,2013,100356.0
2688,06636,2014,100206.0
2689,06636,2015,100715.0
2690,06636,2016,100965.0
2691,06636,2017,101101.0
2692,06636,2018,101017.0
2693,06636,2019,100629.0
2694,06636,2020,100046.0
2695,06636,2021,99714.0
2696,06636,2022,100208.0
2697,06636,2023,100215.0
2698,07111,2005,106501.0
2699,07111,2006,105888.0
2700,07111,2007,106087.0
2701,07111,2008,106293.0
2702,07111,2009,106445.0
2703,07111,2010,106417.0
2704,07111,2011,107954.0
2705,07111,2012,109779.0
2706,07111,2013,110643.0
2707,07111,2014,111434.0
2708,07111,2015,112586.0
2709,07111,2016,113605.0
2710,07111,2017,113844.0
2711,07111,2018,114024.0
2712,07111,2019,114052.0
2713,07111,2020,113388.0
2714,07111,2021,113638.0
2715,07111,2022,115268.0
2716,07111,2023,115298.0
2717,07131,2005,130467.0
2718,07131,2006,129520.0
2719,07131,2007,129096.0
2720,07131,2008,128509.0
2721,07131,2009,128063.0
2722,07131,2010,127443.0
2723,07131,2011,125951.0
2724,07131,2012,125837.0
2725,07131,2013,126102.0
2726,07131,2014,126643.0
2727,07131,2015,127770.0
2728,07131,2016,128455.0
2729,07131,2017,128914.0
2730,07131,2018,129727.0
2731,07131,2019,130086.0
2732,07131,2020,130479.0
2733,07131,2021,128146.0
2734,07131,2022,128161.0
2735,07131,2023,128741.0
2736,07132,2005,136425.0
2737,07132,2006,135752.0
2738,07132,2007,134912.0
2739,07132,2008,133785.0
2740,07132,2009,132873.0
2741,07132,2010,131952.0
2742,07132,2011,129962.0
2743,07132,2012,129166.0
2744,07132,2013,128373.0
2745,07132,2014,128228.0
2746,07132,2015,129171.0
2747,07132,2016,128961.0
2748,07132,2017,128791.0
2749,07132,2018,128705.0
2750,07132,2019,128805.0
2751,07132,2020,129087.0
2752,07132,2021,129261.0
2753,07132,2022,131467.0
2754,07132,2023,131907.0
2755,07133,2005,158319.0
2756,07133,2006,157811.0
2757,07133,2007,157471.0
2758,07133,2008,156660.0
2759,07133,2009,155842.0
2760,07133,2010,155544.0
2761,07133,2011,155404.0
2762,07133,2012,155306.0
2763,07133,2013,155297.0
2764,07133,2014,155944.0
2765,07133,2015,156821.0
2766,07133,2016,157392.0
2767,07133,2017,157549.0
2768,07133,2018,158080.0
2769,07133,2019,158345.0
2770,07133,2020,158746.0
2771,07133,2021,159402.0
2772,07133,2022,161307.0
2773,07133,2023,161852.0
2774,07134,2005,87783.0
2775,07134,2006,87007.0
2776,07134,2007,86469.0
2777,07134,2008,85217.0
2778,07134,2009,84201.0
2779,07134,2010,83243.0
2780,07134,2011,82323.0
2781,07134,2012,81135.0
2782,07134,2013,80673.0
2783,07134,2014,80591.0
2784,07134,2015,80615.0
2785,07134,2016,80799.0
2786,07134,2017,80728.0
2787,07134,2018,80720.0
2788,07134,2019,80951.0
2789,07134,2020,80830.0
2790,07134,2021,80849.0
2791,07134,2022,81760.0
2792,07134,2023,81918.0
2793,07135,2005,65732.0
2794,07135,2006,65282.0
2795,07135,2007,64863.0
2796,07135,2008,64489.0
2797,07135,2009,63884.0
2798,07135,2010,63409.0
2799,07135,2011,62797.0
2800,07135,2012,62382.0
2801,07135,2013,62118.0
2802,07135,2014,62041.0
2803,07135,2015,62391.0
2804,07135,2016,61864.0
2805,07135,2017,61662.0
2806,07135,2018,61587.0
2807,07135,2019,61375.0
2808,07135,2020,61578.0
2809,07135,2021,61735.0
2810,07135,2022,62666.0
2811,07135,2023,62669.0
2812,07137,2005,213667.0
2813,07137,2006,213236.0
2814,07137,2007,212944.0
2815,07137,2008,212102.0
2816,07137,2009,211079.0
2817,07137,2010,210269.0
2818,07137,2011,210246.0
2819,07137,2012,210035.0
2820,07137,2013,209785.0
2821,07137,2014,210441.0
2822,07137,2015,211925.0
2823,07137,2016,212968.0
2824,07137,2017,213554.0
2825,07137,2018,214259.0
2826,07137,2019,214434.0
2827,07137,2020,214786.0
2828,07137,2021,215446.0
2829,07137,2022,218210.0
2830,07137,2023,219001.0
2831,07138,2005,185259.0
2832,07138,2006,184518.0
2833,07138,2007,183618.0
2834,07138,2008,182537.0
2835,07138,2009,181492.0
2836,07138,2010,180995.0
2837,07138,2011,180497.0
2838,07138,2012,179812.0
2839,07138,2013,179454.0
2840,07138,2014,179317.0
2841,07138,2015,180655.0
2842,07138,2016,181537.0
2843,07138,2017,181655.0
2844,07138,2018,181941.0
2845,07138,2019,182811.0
2846,07138,2020,183131.0
2847,07138,2021,184390.0
2848,07138,2022,187440.0
2849,07138,2023,188139.0
2850,07140,2005,105705.0
2851,07140,2006,105050.0
2852,07140,2007,104263.0
2853,07140,2008,103609.0
2854,07140,2009,102878.0
2855,07140,2010,102145.0
2856,07140,2011,102732.0
2857,07140,2012,102095.0
2858,07140,2013,101854.0
2859,07140,2014,101945.0
2860,07140,2015,102529.0
2861,07140,2016,103026.0
2862,07140,2017,102938.0
2863,07140,2018,102937.0
2864,07140,2019,103163.0
2865,07140,2020,103401.0
2866,07140,2021,103767.0
2867,07140,2022,105566.0
2868,07140,2023,106227.0
2869,07141,2005,128095.0
2870,07141,2006,127218.0
2871,07141,2007,126258.0
2872,07141,2008,125477.0
2873,07141,2009,124474.0
2874,07141,2010,123601.0
2875,07141,2011,122609.0
2876,07141,2012,121838.0
2877,07141,2013,121375.0
2878,07141,2014,121487.0
2879,07141,2015,123543.0
2880,07141,2016,122553.0
2881,07141,2017,122381.0
2882,07141,2018,122308.0
2883,07141,2019,122297.0
2884,07141,2020,122574.0
2885,07141,2021,122724.0
2886,07141,2022,124381.0
2887,07141,2023,124796.0
2888,07143,2005,203541.0
2889,07143,2006,202657.0
2890,07143,2007,201938.0
2891,07143,2008,200779.0
2892,07143,2009,199480.0
2893,07143,2010,198580.0
2894,07143,2011,199691.0
2895,07143,2012,198852.0
2896,07143,2013,198704.0
2897,07143,2014,199131.0
2898,07143,2015,200302.0
2899,07143,2016,201027.0
2900,07143,2017,201039.0
2901,07143,2018,201597.0
2902,07143,2019,201904.0
2903,07143,2020,202830.0
2904,07143,2021,203831.0
2905,07143,2022,206282.0
2906,07143,2023,206709.0
2907,07211,2005,99843.0
2908,07211,2006,103518.0
2909,07211,2007,103888.0
2910,07211,2008,104640.0
2911,07211,2009,104587.0
2912,07211,2010,105260.0
2913,07211,2011,106284.0
2914,07211,2012,106544.0
2915,07211,2013,107233.0
2916,07211,2014,108472.0
2917,07211,2015,114914.0
2918,07211,2016,110111.0
2919,07211,2017,110013.0
2920,07211,2018,110636.0
2921,07211,2019,111528.0
2922,07211,2020,110674.0
2923,07211,2021,110570.0
2924,07211,2022,112195.0
2925,07211,2023,112737.0
2926,07231,2005,113960.0
2927,07231,2006,113466.0
2928,07231,2007,113043.0
2929,07231,2008,112452.0
2930,07231,2009,111543.0
2931,07231,2010,111073.0
2932,07231,2011,111250.0
2933,07231,2012,110833.0
2934,07231,2013,110643.0
2935,07231,2014,110981.0
2936,07231,2015,111828.0
2937,07231,2016,112006.0
2938,07231,2017,112134.0
2939,07231,2018,112262.0
2940,07231,2019,112483.0
2941,07231,2020,112685.0
2942,07231,2021,113194.0
2943,07231,2022,115099.0
2944,07231,2023,115083.0
2945,07232,2005,95982.0
2946,07232,2006,95409.0
2947,07232,2007,95219.0
2948,07232,2008,94828.0
2949,07232,2009,94394.0
2950,07232,2010,94008.0
2951,07232,2011,95751.0
2952,07232,2012,95946.0
2953,07232,2013,96158.0
2954,07232,2014,96408.0
2955,07232,2015,97180.0
2956,07232,2016,98021.0
2957,07232,2017,98213.0
2958,07232,2018,98561.0
2959,07232,2019,99058.0
2960,07232,2020,100055.0
2961,07232,2021,100959.0
2962,07232,2022,103642.0
2963,07232,2023,104435.0
2964,07233,2005,63646.0
2965,07233,2006,63161.0
2966,07233,2007,62813.0
2967,07233,2008,62201.0
2968,07233,2009,61789.0
2969,07233,2010,61267.0
2970,07233,2011,61533.0
2971,07233,2012,61073.0
2972,07233,2013,60765.0
2973,07233,2014,60775.0
2974,07233,2015,60794.0
2975,07233,2016,60757.0
2976,07233,2017,60705.0
2977,07233,2018,60603.0
2978,07233,2019,60646.0
2979,07233,2020,60491.0
2980,07233,2021,60882.0
2981,07233,2022,61769.0
2982,07233,2023,61912.0
2983,07235,2005,139932.0
2984,07235,2006,140265.0
2985,07235,2007,141009.0
2986,07235,2008,141201.0
2987,07235,2009,141481.0
2988,07235,2010,141646.0
2989,07235,2011,143552.0
2990,07235,2012,143893.0
2991,07235,2013,144337.0
2992,07235,2014,145227.0
2993,07235,2015,147999.0
2994,07235,2016,147833.0
2995,07235,2017,148532.0
2996,07235,2018,148945.0
2997,07235,2019,149398.0
2998,07235,2020,150533.0
2999,07235,2021,151167.0
3000,07235,2022,153860.0
3001,07235,2023,153814.0
3002,07311,2005,47225.0
3003,07311,2006,46938.0
3004,07311,2007,47090.0
3005,07311,2008,46948.0
3006,07311,2009,46874.0
3007,07311,2010,46793.0
3008,07311,2011,46617.0
3009,07311,2012,47035.0
3010,07311,2013,47332.0
3011,07311,2014,47724.0
3012,07311,2015,48363.0
3013,07311,2016,48445.0
3014,07311,2017,48417.0
3015,07311,2018,48561.0
3016,07311,2019,48762.0
3017,07311,2020,48750.0
3018,07311,2021,48773.0
3019,07311,2022,49051.0
3020,07311,2023,49122.0
3021,07312,2005,98372.0
3022,07312,2006,98044.0
3023,07312,2007,97770.0
3024,07312,2008,97436.0
3025,07312,2009,99275.0
3026,07312,2010,99184.0
3027,07312,2011,96963.0
3028,07312,2012,97112.0
3029,07312,2013,97162.0
3030,07312,2014,97382.0
3031,07312,2015,98520.0
3032,07312,2016,99302.0
3033,07312,2017,99684.0
3034,07312,2018,99845.0
3035,07312,2019,100030.0
3036,07312,2020,99662.0
3037,07312,2021,99292.0
3038,07312,2022,101228.0
3039,07312,2023,101486.0
3040,07313,2005,42028.0
3041,07313,2006,43048.0
3042,07313,2007,43063.0
3043,07313,2008,43008.0
3044,07313,2009,42994.0
3045,07313,2010,43615.0
3046,07313,2011,43476.0
3047,07313,2012,43641.0
3048,07313,2013,43825.0
3049,07313,2014,44465.0
3050,07313,2015,45362.0
3051,07313,2016,46006.0
3052,07313,2017,46292.0
3053,07313,2018,46677.0
3054,07313,2019,46881.0
3055,07313,2020,46685.0
3056,07313,2021,46919.0
3057,07313,2022,47610.0
3058,07313,2023,48341.0
3059,07314,2005,163343.0
3060,07314,2006,163560.0
3061,07314,2007,163777.0
3062,07314,2008,163467.0
3063,07314,2009,163340.0
3064,07314,2010,164351.0
3065,07314,2011,158637.0
3066,07314,2012,160179.0
3067,07314,2013,161518.0
3068,07314,2014,163832.0
3069,07314,2015,164718.0
3070,07314,2016,166621.0
3071,07314,2017,168497.0
3072,07314,2018,171061.0
3073,07314,2019,172253.0
3074,07314,2020,172557.0
3075,07314,2021,172145.0
3076,07314,2022,174265.0
3077,07314,2023,176110.0
3078,07315,2005,194372.0
3079,07315,2006,196425.0
3080,07315,2007,198118.0
3081,07315,2008,197623.0
3082,07315,2009,197778.0
3083,07315,2010,199237.0
3084,07315,2011,201002.0
3085,07315,2012,202756.0
3086,07315,2013,204268.0
3087,07315,2014,206991.0
3088,07315,2015,209779.0
3089,07315,2016,213528.0
3090,07315,2017,215110.0
3091,07315,2018,217118.0
3092,07315,2019,218578.0
3093,07315,2020,217123.0
3094,07315,2021,217556.0
3095,07315,2022,220552.0
3096,07315,2023,222889.0
3097,07316,2005,53628.0
3098,07316,2006,53506.0
3099,07316,2007,53683.0
3100,07316,2008,53658.0
3101,07316,2009,53525.0
3102,07316,2010,52855.0
3103,07316,2011,52322.0
3104,07316,2012,52268.0
3105,07316,2013,52400.0
3106,07316,2014,52564.0
3107,07316,2015,52999.0
3108,07316,2016,53209.0
3109,07316,2017,53353.0
3110,07316,2018,53148.0
3111,07316,2019,53264.0
3112,07316,2020,53306.0
3113,07316,2021,53491.0
3114,07316,2022,53981.0
3115,07316,2023,53920.0
3116,07317,2005,43137.0
3117,07317,2006,42427.0
3118,07317,2007,41875.0
3119,07317,2008,41358.0
3120,07317,2009,40808.0
3121,07317,2010,40384.0
3122,07317,2011,40655.0
3123,07317,2012,40267.0
3124,07317,2013,40101.0
3125,07317,2014,40046.0
3126,07317,2015,40125.0
3127,07317,2016,40416.0
3128,07317,2017,40632.0
3129,07317,2018,40403.0
3130,07317,2019,40231.0
3131,07317,2020,40176.0
3132,07317,2021,40054.0
3133,07317,2022,40682.0
3134,07317,2023,40941.0
3135,07318,2005,50501.0
3136,07318,2006,50648.0
3137,07318,2007,50673.0
3138,07318,2008,49930.0
3139,07318,2009,49811.0
3140,07318,2010,49857.0
3141,07318,2011,49712.0
3142,07318,2012,49764.0
3143,07318,2013,49740.0
3144,07318,2014,49855.0
3145,07318,2015,50284.0
3146,07318,2016,50551.0
3147,07318,2017,50931.0
3148,07318,2018,50378.0
3149,07318,2019,50561.0
3150,07318,2020,50741.0
3151,07318,2021,50565.0
3152,07318,2022,51368.0
3153,07318,2023,51203.0
3154,07319,2005,81545.0
3155,07319,2006,82212.0
3156,07319,2007,82290.0
3157,07319,2008,82040.0
3158,07319,2009,81784.0
3159,07319,2010,81736.0
3160,07319,2011,79526.0
3161,07319,2012,79727.0
3162,07319,2013,80296.0
3163,07319,2014,81010.0
3164,07319,2015,82102.0
3165,07319,2016,82595.0
3166,07319,2017,83081.0
3167,07319,2018,83330.0
3168,07319,2019,83542.0
3169,07319,2020,83459.0
3170,07319,2021,83850.0
3171,07319,2022,84646.0
3172,07319,2023,85609.0
3173,07320,2005,35219.0
3174,07320,2006,34842.0
3175,07320,2007,34719.0
3176,07320,2008,34525.0
3177,07320,2009,34109.0
3178,07320,2010,33944.0
3179,07320,2011,34161.0
3180,07320,2012,34064.0
3181,07320,2013,34084.0
3182,07320,2014,34011.0
3183,07320,2015,34260.0
3184,07320,2016,34428.0
3185,07320,2017,34270.0
3186,07320,2018,34209.0
3187,07320,2019,34193.0
3188,07320,2020,34001.0
3189,07320,2021,34091.0
3190,07320,2022,34534.0
3191,07320,2023,34613.0
3192,07331,2005,126328.0
3193,07331,2006,126058.0
3194,07331,2007,125697.0
3195,07331,2008,125244.0
3196,07331,2009,124758.0
3197,07331,2010,124760.0
3198,07331,2011,125109.0
3199,07331,2012,125173.0
3200,07331,2013,125213.0
3201,07331,2014,125998.0
3202,07331,2015,127274.0
3203,07331,2016,128197.0
3204,07331,2017,128519.0
3205,07331,2018,129244.0
3206,07331,2019,129687.0
3207,07331,2020,130715.0
3208,07331,2021,131330.0
3209,07331,2022,132536.0
3210,07331,2023,133430.0
3211,07332,2005,135116.0
3212,07332,2006,134628.0
3213,07332,2007,134341.0
3214,07332,2008,133576.0
3215,07332,2009,133052.0
3216,07332,2010,132757.0
3217,07332,2011,130920.0
3218,07332,2012,130927.0
3219,07332,2013,131041.0
3220,07332,2014,131530.0
3221,07332,2015,132203.0
3222,07332,2016,132960.0
3223,07332,2017,132739.0
3224,07332,2018,132660.0
3225,07332,2019,132671.0
3226,07332,2020,133004.0
3227,07332,2021,133206.0
3228,07332,2022,134546.0
3229,07332,2023,134711.0
3230,07333,2005,78825.0
3231,07333,2006,78320.0
3232,07333,2007,77877.0
3233,07333,2008,77350.0
3234,07333,2009,76571.0
3235,07333,2010,75878.0
3236,07333,2011,75822.0
3237,07333,2012,75508.0
3238,07333,2013,75192.0
3239,07333,2014,74962.0
3240,07333,2015,75230.0
3241,07333,2016,75203.0
3242,07333,2017,75102.0
3243,07333,2018,75101.0
3244,07333,2019,75325.0
3245,07333,2020,75539.0
3246,07333,2021,75569.0
3247,07333,2022,76208.0
3248,07333,2023,76088.0
3249,07334,2005,125268.0
3250,07334,2006,125425.0
3251,07334,2007,125822.0
3252,07334,2008,125603.0
3253,07334,2009,124982.0
3254,07334,2010,124838.0
3255,07334,2011,124294.0
3256,07334,2012,124889.0
3257,07334,2013,125434.0
3258,07334,2014,126266.0
3259,07334,2015,127303.0
3260,07334,2016,128205.0
3261,07334,2017,128477.0
3262,07334,2018,129075.0
3263,07334,2019,129013.0
3264,07334,2020,129006.0
3265,07334,2021,129313.0
3266,07334,2022,130793.0
3267,07334,2023,131492.0
3268,07335,2005,109202.0
3269,07335,2006,108364.0
3270,07335,2007,107875.0
3271,07335,2008,107192.0
3272,07335,2009,106149.0
3273,07335,2010,105428.0
3274,07335,2011,104910.0
3275,07335,2012,104443.0
3276,07335,2013,104117.0
3277,07335,2014,104288.0
3278,07335,2015,104966.0
3279,07335,2016,105504.0
3280,07335,2017,105649.0
3281,07335,2018,106057.0
3282,07335,2019,105979.0
3283,07335,2020,106320.0
3284,07335,2021,106853.0
3285,07335,2022,108216.0
3286,07335,2023,108540.0
3287,07336,2005,76541.0
3288,07336,2006,75809.0
3289,07336,2007,74876.0
3290,07336,2008,73987.0
3291,07336,2009,73306.0
3292,07336,2010,72602.0
3293,07336,2011,72458.0
3294,07336,2012,71766.0
3295,07336,2013,71098.0
3296,07336,2014,70883.0
3297,07336,2015,70997.0
3298,07336,2016,70899.0
3299,07336,2017,70764.0
3300,07336,2018,70526.0
3301,07336,2019,70219.0
3302,07336,2020,70105.0
3303,07336,2021,69949.0
3304,07336,2022,71462.0
3305,07336,2023,71140.0
3306,07337,2005,110639.0
3307,07337,2006,110211.0
3308,07337,2007,109957.0
3309,07337,2008,109625.0
3310,07337,2009,109133.0
3311,07337,2010,109002.0
3312,07337,2011,108300.0
3313,07337,2012,108752.0
3314,07337,2013,109026.0
3315,07337,2014,109735.0
3316,07337,2015,110526.0
3317,07337,2016,110885.0
3318,07337,2017,110622.0
3319,07337,2018,110356.0
3320,07337,2019,110521.0
3321,07337,2020,110783.0
3322,07337,2021,111279.0
3323,07337,2022,112631.0
3324,07337,2023,112894.0
3325,07338,2005,148902.0
3326,07338,2006,149187.0
3327,07338,2007,149202.0
3328,07338,2008,149084.0
3329,07338,2009,148733.0
3330,07338,2010,148475.0
3331,07338,2011,147341.0
3332,07338,2012,148079.0
3333,07338,2013,149068.0
3334,07338,2014,150051.0
3335,07338,2015,151546.0
3336,07338,2016,153043.0
3337,07338,2017,153629.0
3338,07338,2018,154201.0
3339,07338,2019,154609.0
3340,07338,2020,154754.0
3341,07338,2021,155050.0
3342,07338,2022,155921.0
3343,07338,2023,156346.0
3344,07339,2005,200486.0
3345,07339,2006,200938.0
3346,07339,2007,201451.0
3347,07339,2008,201410.0
3348,07339,2009,201583.0
3349,07339,2010,202310.0
3350,07339,2011,201264.0
3351,07339,2012,202222.0
3352,07339,2013,203338.0
3353,07339,2014,204514.0
3354,07339,2015,208749.0
3355,07339,2016,209184.0
3356,07339,2017,209785.0
3357,07339,2018,210889.0
3358,07339,2019,211417.0
3359,07339,2020,211525.0
3360,07339,2021,212420.0
3361,07339,2022,214948.0
3362,07339,2023,215286.0
3363,07340,2005,103309.0
3364,07340,2006,102512.0
3365,07340,2007,101596.0
3366,07340,2008,100508.0
3367,07340,2009,99605.0
3368,07340,2010,98887.0
3369,07340,2011,98008.0
3370,07340,2012,97180.0
3371,07340,2013,96599.0
3372,07340,2014,96410.0
3373,07340,2015,96474.0
3374,07340,2016,95957.0
3375,07340,2017,95474.0
3376,07340,2018,95113.0
3377,07340,2019,94831.0
3378,07340,2020,94912.0
3379,07340,2021,94819.0
3380,07340,2022,94899.0
3381,07340,2023,94912.0
3382,08111,2005,592569.0
3383,08111,2006,593923.0
3384,08111,2007,597176.0
3385,08111,2008,600068.0
3386,08111,2009,601646.0
3387,08111,2010,606588.0
3388,08111,2011,591015.0
3389,08111,2012,597939.0
3390,08111,2013,604297.0
3391,08111,2014,612441.0
3392,08111,2015,623738.0
3393,08111,2016,628032.0
3394,08111,2017,632743.0
3395,08111,2018,634830.0
3396,08111,2019,635911.0
3397,08111,2020,630305.0
3398,08111,2021,626275.0
3399,08111,2022,632865.0
3400,08111,2023,633484.0
3401,08115,2005,372155.0
3402,08115,2006,372228.0
3403,08115,2007,372755.0
3404,08115,2008,372827.0
3405,08115,2009,371616.0
3406,08115,2010,371396.0
3407,08115,2011,364458.0
3408,08115,2012,367208.0
3409,08115,2013,370392.0
3410,08115,2014,374279.0
3411,08115,2015,381281.0
3412,08115,2016,385888.0
3413,08115,2017,389548.0
3414,08115,2018,391640.0
3415,08115,2019,392807.0
3416,08115,2020,392898.0
3417,08115,2021,393195.0
3418,08115,2022,398528.0
3419,08115,2023,401318.0
3420,08116,2005,514245.0
3421,08116,2006,514108.0
3422,08116,2007,514503.0
3423,08116,2008,514646.0
3424,08116,2009,514109.0
3425,08116,2010,514830.0
3426,08116,2011,504961.0
3427,08116,2012,508577.0
3428,08116,2013,512279.0
3429,08116,2014,516779.0
3430,08116,2015,524127.0
3431,08116,2016,528792.0
3432,08116,2017,532447.0
3433,08116,2018,533859.0
3434,08116,2019,535024.0
3435,08116,2020,533617.0
3436,08116,2021,533388.0
3437,08116,2022,540226.0
3438,08116,2023,542582.0
3439,08117,2005,257783.0
3440,08117,2006,256967.0
3441,08117,2007,255807.0
3442,08117,2008,254833.0
3443,08117,2009,253522.0
3444,08117,2010,252548.0
3445,08117,2011,247194.0
3446,08117,2012,247835.0
3447,08117,2013,248813.0
3448,08117,2014,250117.0
3449,08117,2015,252749.0
3450,08117,2016,254618.0
3451,08117,2017,256345.0
3452,08117,2018,257253.0
3453,08117,2019,258145.0
3454,08117,2020,258781.0
3455,08117,2021,259046.0
3456,08117,2022,261857.0
3457,08117,2023,263706.0
3458,08118,2005,513317.0
3459,08118,2006,513998.0
3460,08118,2007,515146.0
3461,08118,2008,515898.0
3462,08118,2009,516874.0
3463,08118,2010,517985.0
3464,08118,2011,512086.0
3465,08118,2012,516748.0
3466,08118,2013,521633.0
3467,08118,2014,526377.0
3468,08118,2015,534074.0
3469,08118,2016,537902.0
3470,08118,2017,542630.0
3471,08118,2018,543984.0
3472,08118,2019,545423.0
3473,08118,2020,544971.0
3474,08118,2021,544679.0
3475,08118,2022,551051.0
3476,08118,2023,553689.0
3477,08119,2005,417697.0
3478,08119,2006,417609.0
3479,08119,2007,417131.0
3480,08119,2008,416255.0
3481,08119,2009,415696.0
3482,08119,2010,415448.0
3483,08119,2011,407150.0
3484,08119,2012,408827.0
3485,08119,2013,411025.0
3486,08119,2014,414016.0
3487,08119,2015,419456.0
3488,08119,2016,422698.0
3489,08119,2017,424878.0
3490,08119,2018,426158.0
3491,08119,2019,427248.0
3492,08119,2020,427286.0
3493,08119,2021,427316.0
3494,08119,2022,432397.0
3495,08119,2023,434369.0
3496,08121,2005,121613.0
3497,08121,2006,121384.0
3498,08121,2007,121627.0
3499,08121,2008,122098.0
3500,08121,2009,122415.0
3501,08121,2010,122879.0
3502,08121,2011,116716.0
3503,08121,2012,117531.0
3504,08121,2013,118122.0
3505,08121,2014,119841.0
3506,08121,2015,122567.0
3507,08121,2016,123771.0
3508,08121,2017,125113.0
3509,08121,2018,125960.0
3510,08121,2019,126592.0
3511,08121,2020,126458.0
3512,08121,2021,125613.0
3513,08121,2022,128334.0
3514,08121,2023,130093.0
3515,08125,2005,329503.0
3516,08125,2006,329979.0
3517,08125,2007,330302.0
3518,08125,2008,329743.0
3519,08125,2009,329054.0
3520,08125,2010,328364.0
3521,08125,2011,323168.0
3522,08125,2012,324543.0
3523,08125,2013,326035.0
3524,08125,2014,329250.0
3525,08125,2015,334388.0
3526,08125,2016,337571.0
3527,08125,2017,340772.0
3528,08125,2018,343068.0
3529,08125,2019,344456.0
3530,08125,2020,346363.0
3531,08125,2021,347798.0
3532,08125,2022,353283.0
3533,08125,2023,355359.0
3534,08126,2005,109718.0
3535,08126,2006,109717.0
3536,08126,2007,109900.0
3537,08126,2008,109499.0
3538,08126,2009,109028.0
3539,08126,2010,108913.0
3540,08126,2011,107200.0
3541,08126,2012,107498.0
3542,08126,2013,107866.0
3543,08126,2014,108816.0
3544,08126,2015,110181.0
3545,08126,2016,110689.0
3546,08126,2017,111392.0
3547,08126,2018,112010.0
3548,08126,2019,112655.0
3549,08126,2020,112765.0
3550,08126,2021,113318.0
3551,08126,2022,115063.0
3552,08126,2023,115796.0
3553,08127,2005,189580.0
3554,08127,2006,189346.0
3555,08127,2007,189288.0
3556,08127,2008,189158.0
3557,08127,2009,188694.0
3558,08127,2010,188420.0
3559,08127,2011,186427.0
3560,08127,2012,186928.0
3561,08127,2013,187682.0
3562,08127,2014,188974.0
3563,08127,2015,191614.0
3564,08127,2016,192958.0
3565,08127,2017,194203.0
3566,08127,2018,195861.0
3567,08127,2019,196761.0
3568,08127,2020,197860.0
3569,08127,2021,199398.0
3570,08127,2022,202834.0
3571,08127,2023,204721.0
3572,08128,2005,137259.0
3573,08128,2006,136296.0
3574,08128,2007,135387.0
3575,08128,2008,134939.0
3576,08128,2009,134211.0
3577,08128,2010,133351.0
3578,08128,2011,130431.0
3579,08128,2012,129842.0
3580,08128,2013,129857.0
3581,08128,2014,130299.0
3582,08128,2015,132181.0
3583,08128,2016,132274.0
3584,08128,2017,132189.0
3585,08128,2018,132321.0
3586,08128,2019,132399.0
3587,08128,2020,132684.0
3588,08128,2021,132956.0
3589,08128,2022,134745.0
3590,08128,2023,135371.0
3591,08135,2005,135174.0
3592,08135,2006,134164.0
3593,08135,2007,133449.0
3594,08135,2008,132773.0
3595,08135,2009,131854.0
3596,08135,2010,131116.0
3597,08135,2011,127691.0
3598,08135,2012,127608.0
3599,08135,2013,127947.0
3600,08135,2014,128894.0
3601,08135,2015,130527.0
3602,08135,2016,131498.0
3603,08135,2017,132006.0
3604,08135,2018,132472.0
3605,08135,2019,132777.0
3606,08135,2020,132812.0
3607,08135,2021,132958.0
3608,08135,2022,135035.0
3609,08135,2023,135470.0
3610,08136,2005,316760.0
3611,08136,2006,315661.0
3612,08136,2007,314624.0
3613,08136,2008,313576.0
3614,08136,2009,312129.0
3615,08136,2010,310733.0
3616,08136,2011,306425.0
3617,08136,2012,306484.0
3618,08136,2013,306933.0
3619,08136,2014,308205.0
3620,08136,2015,312650.0
3621,08136,2016,311587.0
3622,08136,2017,312422.0
3623,08136,2018,314002.0
3624,08136,2019,314025.0
3625,08136,2020,314294.0
3626,08136,2021,315009.0
3627,08136,2022,319631.0
3628,08136,2023,320436.0
3629,08211,2005,54581.0
3630,08211,2006,54855.0
3631,08211,2007,54853.0
3632,08211,2008,54777.0
3633,08211,2009,54494.0
3634,08211,2010,54445.0
3635,08211,2011,52424.0
3636,08211,2012,52585.0
3637,08211,2013,53012.0
3638,08211,2014,53342.0
3639,08211,2015,54160.0
3640,08211,2016,54307.0
3641,08211,2017,54718.0
3642,08211,2018,55123.0
3643,08211,2019,55185.0
3644,08211,2020,55449.0
3645,08211,2021,55527.0
3646,08211,2022,57025.0
3647,08211,2023,57420.0
3648,08212,2005,285263.0
3649,08212,2006,286327.0
3650,08212,2007,288917.0
3651,08212,2008,290736.0
3652,08212,2009,291959.0
3653,08212,2010,294761.0
3654,08212,2011,291995.0
3655,08212,2012,296033.0
3656,08212,2013,299103.0
3657,08212,2014,300051.0
3658,08212,2015,307755.0
3659,08212,2016,309999.0
3660,08212,2017,311919.0
3661,08212,2018,313092.0
3662,08212,2019,312060.0
3663,08212,2020,308436.0
3664,08212,2021,306502.0
3665,08212,2022,308707.0
3666,08212,2023,309964.0
3667,08215,2005,429603.0
3668,08215,2006,430351.0
3669,08215,2007,431519.0
3670,08215,2008,431381.0
3671,08215,2009,431606.0
3672,08215,2010,432271.0
3673,08215,2011,424510.0
3674,08215,2012,427106.0
3675,08215,2013,429186.0
3676,08215,2014,431315.0
3677,08215,2015,435841.0
3678,08215,2016,440337.0
3679,08215,2017,442673.0
3680,08215,2018,444232.0
3681,08215,2019,445101.0
3682,08215,2020,446852.0
3683,08215,2021,448487.0
3684,08215,2022,454613.0
3685,08215,2023,456392.0
3686,08216,2005,228408.0
3687,08216,2006,228006.0
3688,08216,2007,227929.0
3689,08216,2008,227111.0
3690,08216,2009,226912.0
3691,08216,2010,226789.0
3692,08216,2011,222201.0
3693,08216,2012,222472.0
3694,08216,2013,223311.0
3695,08216,2014,224687.0
3696,08216,2015,227474.0
3697,08216,2016,228907.0
3698,08216,2017,230216.0
3699,08216,2018,231018.0
3700,08216,2019,231420.0
3701,08216,2020,232091.0
3702,08216,2021,232296.0
3703,08216,2022,234981.0
3704,08216,2023,235542.0
3705,08221,2005,142993.0
3706,08221,2006,144634.0
3707,08221,2007,145311.0
3708,08221,2008,145642.0
3709,08221,2009,146466.0
3710,08221,2010,147312.0
3711,08221,2011,148415.0
3712,08221,2012,150335.0
3713,08221,2013,152113.0
3714,08221,2014,154715.0
3715,08221,2015,156267.0
3716,08221,2016,159914.0
3717,08221,2017,160601.0
3718,08221,2018,160355.0
3719,08221,2019,161485.0
3720,08221,2020,158741.0
3721,08221,2021,159245.0
3722,08221,2022,162273.0
3723,08221,2023,162960.0
3724,08222,2005,307900.0
3725,08222,2006,307914.0
3726,08222,2007,309795.0
3727,08222,2008,311342.0
3728,08222,2009,311969.0
3729,08222,2010,313174.0
3730,08222,2011,291458.0
3731,08222,2012,294627.0
3732,08222,2013,296690.0
3733,08222,2014,299844.0
3734,08222,2015,305780.0
3735,08222,2016,304781.0
3736,08222,2017,307997.0
3737,08222,2018,309370.0
3738,08222,2019,310658.0
3739,08222,2020,309721.0
3740,08222,2021,311831.0
3741,08222,2022,315554.0
3742,08222,2023,316877.0
3743,08225,2005,150628.0
3744,08225,2006,150022.0
3745,08225,2007,149572.0
3746,08225,2008,148763.0
3747,08225,2009,147782.0
3748,08225,2010,147006.0
3749,08225,2011,142435.0
3750,08225,2012,141847.0
3751,08225,2013,141584.0
3752,08225,2014,141651.0
3753,08225,2015,142936.0
3754,08225,2016,143278.0
3755,08225,2017,143376.0
3756,08225,2018,143535.0
3757,08225,2019,143633.0
3758,08225,2020,143797.0
3759,08225,2021,143929.0
3760,08225,2022,145493.0
3761,08225,2023,146070.0
3762,08226,2005,533993.0
3763,08226,2006,534220.0
3764,08226,2007,534989.0
3765,08226,2008,535284.0
3766,08226,2009,536281.0
3767,08226,2010,537625.0
3768,08226,2011,525204.0
3769,08226,2012,527287.0
3770,08226,2013,531013.0
3771,08226,2014,534729.0
3772,08226,2015,541859.0
3773,08226,2016,544400.0
3774,08226,2017,546745.0
3775,08226,2018,547625.0
3776,08226,2019,548355.0
3777,08226,2020,548233.0
3778,08226,2021,549030.0
3779,08226,2022,555352.0
3780,08226,2023,556645.0
3781,08231,2005,119021.0
3782,08231,2006,119156.0
3783,08231,2007,119423.0
3784,08231,2008,119839.0
3785,08231,2009,119788.0
3786,08231,2010,119781.0
3787,08231,2011,115211.0
3788,08231,2012,116425.0
3789,08231,2013,117754.0
3790,08231,2014,119291.0
3791,08231,2015,122247.0
3792,08231,2016,123493.0
3793,08231,2017,124289.0
3794,08231,2018,125542.0
3795,08231,2019,125957.0
3796,08231,2020,126016.0
3797,08231,2021,125529.0
3798,08231,2022,127849.0
3799,08231,2023,128992.0
3800,08235,2005,161069.0
3801,08235,2006,160341.0
3802,08235,2007,159644.0
3803,08235,2008,158702.0
3804,08235,2009,158055.0
3805,08235,2010,157271.0
3806,08235,2011,150990.0
3807,08235,2012,150709.0
3808,08235,2013,151461.0
3809,08235,2014,152766.0
3810,08235,2015,155359.0
3811,08235,2016,155960.0
3812,08235,2017,157424.0
3813,08235,2018,158397.0
3814,08235,2019,159201.0
3815,08235,2020,160149.0
3816,08235,2021,160686.0
3817,08235,2022,162853.0
3818,08235,2023,163838.0
3819,08236,2005,196417.0
3820,08236,2006,196159.0
3821,08236,2007,195457.0
3822,08236,2008,195315.0
3823,08236,2009,194554.0
3824,08236,2010,193913.0
3825,08236,2011,191461.0
3826,08236,2012,192092.0
3827,08236,2013,192811.0
3828,08236,2014,193728.0
3829,08236,2015,196066.0
3830,08236,2016,197246.0
3831,08236,2017,198369.0
3832,08236,2018,198905.0
3833,08236,2019,199556.0
3834,08236,2020,199752.0
3835,08236,2021,200237.0
3836,08236,2022,202536.0
3837,08236,2023,203409.0
3838,08237,2005,122579.0
3839,08237,2006,122275.0
3840,08237,2007,121865.0
3841,08237,2008,121272.0
3842,08237,2009,120637.0
3843,08237,2010,119878.0
3844,08237,2011,115220.0
3845,08237,2012,115055.0
3846,08237,2013,114793.0
3847,08237,2014,115147.0
3848,08237,2015,116233.0
3849,08237,2016,116692.0
3850,08237,2017,117456.0
3851,08237,2018,117935.0
3852,08237,2019,118243.0
3853,08237,2020,118364.0
3854,08237,2021,119183.0
3855,08237,2022,121164.0
3856,08237,2023,121584.0
3857,08311,2005,215966.0
3858,08311,2006,217547.0
3859,08311,2007,219430.0
3860,08311,2008,219665.0
3861,08311,2009,221924.0
3862,08311,2010,224191.0
3863,08311,2011,214234.0
3864,08311,2012,218043.0
3865,08311,2013,220286.0
3866,08311,2014,222203.0
3867,08311,2015,226393.0
3868,08311,2016,227590.0
3869,08311,2017,229636.0
3870,08311,2018,230241.0
3871,08311,2019,231195.0
3872,08311,2020,230940.0
3873,08311,2021,231848.0
3874,08311,2022,236140.0
3875,08311,2023,237244.0
3876,08315,2005,249535.0
3877,08315,2006,250013.0
3878,08315,2007,250183.0
3879,08315,2008,250132.0
3880,08315,2009,250418.0
3881,08315,2010,251266.0
3882,08315,2011,246437.0
3883,08315,2012,247711.0
3884,08315,2013,250137.0
3885,08315,2014,252749.0
3886,08315,2015,257343.0
3887,08315,2016,260416.0
3888,08315,2017,262405.0
3889,08315,2018,262795.0
3890,08315,2019,263601.0
3891,08315,2020,264867.0
3892,08315,2021,265792.0
3893,08315,2022,269948.0
3894,08315,2023,272194.0
3895,08316,2005,156728.0
3896,08316,2006,157265.0
3897,08316,2007,157629.0
3898,08316,2008,157667.0
3899,08316,2009,157791.0
3900,08316,2010,158342.0
3901,08316,2011,156723.0
3902,08316,2012,157399.0
3903,08316,2013,158177.0
3904,08316,2014,159708.0
3905,08316,2015,162082.0
3906,08316,2016,163251.0
3907,08316,2017,164712.0
3908,08316,2018,165383.0
3909,08316,2019,166408.0
3910,08316,2020,166862.0
3911,08316,2021,167945.0
3912,08316,2022,170996.0
3913,08316,2023,172392.0
3914,08317,2005,416410.0
3915,08317,2006,416973.0
3916,08317,2007,417754.0
3917,08317,2008,417613.0
3918,08317,2009,417267.0
3919,08317,2010,417513.0
3920,08317,2011,410408.0
3921,08317,2012,411700.0
3922,08317,2013,412678.0
3923,08317,2014,415639.0
3924,08317,2015,420106.0
3925,08317,2016,423359.0
3926,08317,2017,425932.0
3927,08317,2018,429479.0
3928,08317,2019,430953.0
3929,08317,2020,432580.0
3930,08317,2021,434535.0
3931,08317,2022,441885.0
3932,08317,2023,444390.0
3933,08325,2005,142148.0
3934,08325,2006,141765.0
3935,08325,2007,141551.0
3936,08325,2008,141073.0
3937,08325,2009,140307.0
3938,08325,2010,139316.0
3939,08325,2011,136049.0
3940,08325,2012,135553.0
3941,08325,2013,135319.0
3942,08325,2014,135912.0
3943,08325,2015,137500.0
3944,08325,2016,138327.0
3945,08325,2017,138858.0
3946,08325,2018,139455.0
3947,08325,2019,139878.0
3948,08325,2020,140166.0
3949,08325,2021,140446.0
3950,08325,2022,142593.0
3951,08325,2023,142963.0
3952,08326,2005,211320.0
3953,08326,2006,210617.0
3954,08326,2007,209709.0
3955,08326,2008,208691.0
3956,08326,2009,207259.0
3957,08326,2010,206535.0
3958,08326,2011,203978.0
3959,08326,2012,204585.0
3960,08326,2013,205090.0
3961,08326,2014,206116.0
3962,08326,2015,209648.0
3963,08326,2016,210084.0
3964,08326,2017,211207.0
3965,08326,2018,212381.0
3966,08326,2019,212506.0
3967,08326,2020,212872.0
3968,08326,2021,213385.0
3969,08326,2022,217181.0
3970,08326,2023,218780.0
3971,08327,2005,135297.0
3972,08327,2006,135291.0
3973,08327,2007,135306.0
3974,08327,2008,135141.0
3975,08327,2009,134712.0
3976,08327,2010,134189.0
3977,08327,2011,132192.0
3978,08327,2012,132476.0
3979,08327,2013,133198.0
3980,08327,2014,134607.0
3981,08327,2015,136606.0
3982,08327,2016,138119.0
3983,08327,2017,139397.0
3984,08327,2018,140152.0
3985,08327,2019,140766.0
3986,08327,2020,141682.0
3987,08327,2021,142414.0
3988,08327,2022,144891.0
3989,08327,2023,146124.0
3990,08335,2005,274692.0
3991,08335,2006,274752.0
3992,08335,2007,275120.0
3993,08335,2008,276240.0
3994,08335,2009,277555.0
3995,08335,2010,278983.0
3996,08335,2011,268263.0
3997,08335,2012,270568.0
3998,08335,2013,273407.0
3999,08335,2014,275785.0
4000,08335,2015,280288.0
4001,08335,2016,282191.0
4002,08335,2017,284015.0
4003,08335,2018,285325.0
4004,08335,2019,286305.0
4005,08335,2020,286876.0
4006,08335,2021,288097.0
4007,08335,2022,292568.0
4008,08335,2023,294176.0
4009,08336,2005,221357.0
4010,08336,2006,221787.0
4011,08336,2007,222528.0
4012,08336,2008,222596.0
4013,08336,2009,222401.0
4014,08336,2010,222650.0
4015,08336,2011,219481.0
4016,08336,2012,220606.0
4017,08336,2013,221943.0
4018,08336,2014,223692.0
4019,08336,2015,226708.0
4020,08336,2016,227545.0
4021,08336,2017,228314.0
4022,08336,2018,228639.0
4023,08336,2019,228736.0
4024,08336,2020,228842.0
4025,08336,2021,229445.0
4026,08336,2022,233027.0
4027,08336,2023,234909.0
4028,08337,2005,167274.0
4029,08337,2006,167168.0
4030,08337,2007,167200.0
4031,08337,2008,166863.0
4032,08337,2009,166384.0
4033,08337,2010,166140.0
4034,08337,2011,163141.0
4035,08337,2012,163699.0
4036,08337,2013,164265.0
4037,08337,2014,165211.0
4038,08337,2015,167861.0
4039,08337,2016,168852.0
4040,08337,2017,170198.0
4041,08337,2018,170619.0
4042,08337,2019,171003.0
4043,08337,2020,171237.0
4044,08337,2021,171249.0
4045,08337,2022,173460.0
4046,08337,2023,174391.0
4047,08415,2005,282049.0
4048,08415,2006,281891.0
4049,08415,2007,281580.0
4050,08415,2008,281080.0
4051,08415,2009,280927.0
4052,08415,2010,280931.0
4053,08415,2011,273646.0
4054,08415,2012,274691.0
4055,08415,2013,276019.0
4056,08415,2014,278031.0
4057,08415,2015,282113.0
4058,08415,2016,284082.0
4059,08415,2017,285754.0
4060,08415,2018,286748.0
4061,08415,2019,287034.0
4062,08415,2020,287497.0
4063,08415,2021,288158.0
4064,08415,2022,291696.0
4065,08415,2023,293624.0
4066,08416,2005,216477.0
4067,08416,2006,217172.0
4068,08416,2007,217482.0
4069,08416,2008,218692.0
4070,08416,2009,220782.0
4071,08416,2010,221304.0
4072,08416,2011,212800.0
4073,08416,2012,214894.0
4074,08416,2013,216535.0
4075,08416,2014,218355.0
4076,08416,2015,221837.0
4077,08416,2016,224635.0
4078,08416,2017,225755.0
4079,08416,2018,227331.0
4080,08416,2019,228678.0
4081,08416,2020,228471.0
4082,08416,2021,229806.0
4083,08416,2022,232803.0
4084,08416,2023,234649.0
4085,08417,2005,192722.0
4086,08417,2006,192138.0
4087,08417,2007,191531.0
4088,08417,2008,190294.0
4089,08417,2009,189337.0
4090,08417,2010,188393.0
4091,08417,2011,185129.0
4092,08417,2012,184658.0
4093,08417,2013,184615.0
4094,08417,2014,186360.0
4095,08417,2015,188595.0
4096,08417,2016,187401.0
4097,08417,2017,188170.0
4098,08417,2018,188935.0
4099,08417,2019,189363.0
4100,08417,2020,189862.0
4101,08417,2021,190545.0
4102,08417,2022,193235.0
4103,08417,2023,193712.0
4104,08421,2005,120625.0
4105,08421,2006,120925.0
4106,08421,2007,121434.0
4107,08421,2008,121648.0
4108,08421,2009,122087.0
4109,08421,2010,122801.0
4110,08421,2011,117541.0
4111,08421,2012,117977.0
4112,08421,2013,119218.0
4113,08421,2014,120714.0
4114,08421,2015,122636.0
4115,08421,2016,123953.0
4116,08421,2017,125596.0
4117,08421,2018,126329.0
4118,08421,2019,126790.0
4119,08421,2020,126405.0
4120,08421,2021,126949.0
4121,08421,2022,128928.0
4122,08421,2023,129942.0
4123,08425,2005,190233.0
4124,08425,2006,190189.0
4125,08425,2007,190212.0
4126,08425,2008,190403.0
4127,08425,2009,189884.0
4128,08425,2010,189670.0
4129,08425,2011,186444.0
4130,08425,2012,187123.0
4131,08425,2013,187892.0
4132,08425,2014,189129.0
4133,08425,2015,192104.0
4134,08425,2016,193318.0
4135,08425,2017,194629.0
4136,08425,2018,196047.0
4137,08425,2019,197076.0
4138,08425,2020,198204.0
4139,08425,2021,199732.0
4140,08425,2022,202476.0
4141,08425,2023,203873.0
4142,08426,2005,188532.0
4143,08426,2006,188810.0
4144,08426,2007,189089.0
4145,08426,2008,189296.0
4146,08426,2009,189403.0
4147,08426,2010,189312.0
4148,08426,2011,187508.0
4149,08426,2012,187747.0
4150,08426,2013,188696.0
4151,08426,2014,190438.0
4152,08426,2015,194019.0
4153,08426,2016,196206.0
4154,08426,2017,198265.0
4155,08426,2018,199742.0
4156,08426,2019,201282.0
4157,08426,2020,202250.0
4158,08426,2021,203244.0
4159,08426,2022,206513.0
4160,08426,2023,208203.0
4161,08435,2005,205446.0
4162,08435,2006,205832.0
4163,08435,2007,206759.0
4164,08435,2008,207766.0
4165,08435,2009,207710.0
4166,08435,2010,208367.0
4167,08435,2011,204483.0
4168,08435,2012,205843.0
4169,08435,2013,207450.0
4170,08435,2014,209386.0
4171,08435,2015,212201.0
4172,08435,2016,213070.0
4173,08435,2017,214655.0
4174,08435,2018,216227.0
4175,08435,2019,217470.0
4176,08435,2020,217901.0
4177,08435,2021,218885.0
4178,08435,2022,222712.0
4179,08435,2023,224200.0
4180,08436,2005,275677.0
4181,08436,2006,275900.0
4182,08436,2007,276470.0
4183,08436,2008,276474.0
4184,08436,2009,276363.0
4185,08436,2010,276965.0
4186,08436,2011,270129.0
4187,08436,2012,272425.0
4188,08436,2013,273540.0
4189,08436,2014,275339.0
4190,08436,2015,279296.0
4191,08436,2016,281627.0
4192,08436,2017,283264.0
4193,08436,2018,284285.0
4194,08436,2019,285424.0
4195,08436,2020,285888.0
4196,08436,2021,287011.0
4197,08436,2022,290911.0
4198,08436,2023,293148.0
4199,08437,2005,133385.0
4200,08437,2006,133078.0
4201,08437,2007,132419.0
4202,08437,2008,131695.0
4203,08437,2009,131059.0
4204,08437,2010,130215.0
4205,08437,2011,127409.0
4206,08437,2012,127272.0
4207,08437,2013,127101.0
4208,08437,2014,127716.0
4209,08437,2015,130772.0
4210,08437,2016,130275.0
4211,08437,2017,130192.0
4212,08437,2018,130873.0
4213,08437,2019,130849.0
4214,08437,2020,130946.0
4215,08437,2021,131725.0
4216,08437,2022,134045.0
4217,08437,2023,134259.0
4218,09161,2005,121314.0
4219,09161,2006,122167.0
4220,09161,2007,123055.0
4221,09161,2008,123925.0
4222,09161,2009,124387.0
4223,09161,2010,125088.0
4224,09161,2011,126076.0
4225,09161,2012,127886.0
4226,09161,2013,129136.0
4227,09161,2014,131002.0
4228,09161,2015,132438.0
4229,09161,2016,133639.0
4230,09161,2017,135244.0
4231,09161,2018,136981.0
4232,09161,2019,137392.0
4233,09161,2020,136952.0
4234,09161,2021,138016.0
4235,09161,2022,141029.0
4236,09161,2023,142308.0
4237,09162,2005,1259677.0
4238,09162,2006,1294608.0
4239,09162,2007,1311573.0
4240,09162,2008,1326807.0
4241,09162,2009,1330440.0
4242,09162,2010,1353186.0
4243,09162,2011,1364920.0
4244,09162,2012,1388308.0
4245,09162,2013,1407836.0
4246,09162,2014,1429584.0
4247,09162,2015,1450381.0
4248,09162,2016,1464301.0
4249,09162,2017,1456039.0
4250,09162,2018,1471508.0
4251,09162,2019,1484226.0
4252,09162,2020,1488202.0
4253,09162,2021,1487708.0
4254,09162,2022,1512491.0
4255,09162,2023,1510378.0
4256,09163,2005,60226.0
4257,09163,2006,60394.0
4258,09163,2007,60674.0
4259,09163,2008,60711.0
4260,09163,2009,60877.0
4261,09163,2010,61299.0
4262,09163,2011,59543.0
4263,09163,2012,59935.0
4264,09163,2013,60464.0
4265,09163,2014,60889.0
4266,09163,2015,61844.0
4267,09163,2016,62672.0
4268,09163,2017,63080.0
4269,09163,2018,63324.0
4270,09163,2019,63551.0
4271,09163,2020,63591.0
4272,09163,2021,63508.0
4273,09163,2022,64403.0
4274,09163,2023,65192.0
4275,09171,2005,109227.0
4276,09171,2006,108789.0
4277,09171,2007,108773.0
4278,09171,2008,108182.0
4279,09171,2009,107903.0
4280,09171,2010,107711.0
4281,09171,2011,106342.0
4282,09171,2012,106515.0
4283,09171,2013,106965.0
4284,09171,2014,107465.0
4285,09171,2015,108485.0
4286,09171,2016,109422.0
4287,09171,2017,110338.0
4288,09171,2018,111210.0
4289,09171,2019,111516.0
4290,09171,2020,111654.0
4291,09171,2021,112116.0
4292,09171,2022,113798.0
4293,09171,2023,114459.0
4294,09172,2005,102587.0
4295,09172,2006,102407.0
4296,09172,2007,102383.0
4297,09172,2008,102162.0
4298,09172,2009,102034.0
4299,09172,2010,102389.0
4300,09172,2011,101263.0
4301,09172,2012,101875.0
4302,09172,2013,102346.0
4303,09172,2014,102976.0
4304,09172,2015,103907.0
4305,09172,2016,104480.0
4306,09172,2017,105052.0
4307,09172,2018,105722.0
4308,09172,2019,105929.0
4309,09172,2020,106327.0
4310,09172,2021,106389.0
4311,09172,2022,107667.0
4312,09172,2023,108315.0
4313,09173,2005,120633.0
4314,09173,2006,120308.0
4315,09173,2007,120834.0
4316,09173,2008,120869.0
4317,09173,2009,121247.0
4318,09173,2010,121801.0
4319,09173,2011,119733.0
4320,09173,2012,120664.0
4321,09173,2013,122118.0
4322,09173,2014,123340.0
4323,09173,2015,124930.0
4324,09173,2016,125668.0
4325,09173,2017,126572.0
4326,09173,2018,127227.0
4327,09173,2019,127917.0
4328,09173,2020,128212.0
4329,09173,2021,127919.0
4330,09173,2022,129511.0
4331,09173,2023,130182.0
4332,09174,2005,134382.0
4333,09174,2006,134965.0
4334,09174,2007,136272.0
4335,09174,2008,136801.0
4336,09174,2009,137680.0
4337,09174,2010,138547.0
4338,09174,2011,139921.0
4339,09174,2012,142021.0
4340,09174,2013,144407.0
4341,09174,2014,146279.0
4342,09174,2015,149370.0
4343,09174,2016,150839.0
4344,09174,2017,152703.0
4345,09174,2018,153884.0
4346,09174,2019,154899.0
4347,09174,2020,155117.0
4348,09174,2021,155449.0
4349,09174,2022,156982.0
4350,09174,2023,157813.0
4351,09175,2005,123895.0
4352,09175,2006,125052.0
4353,09175,2007,126400.0
4354,09175,2008,127085.0
4355,09175,2009,127907.0
4356,09175,2010,129199.0
4357,09175,2011,128870.0
4358,09175,2012,131011.0
4359,09175,2013,133007.0
4360,09175,2014,134873.0
4361,09175,2015,137421.0
4362,09175,2016,139016.0
4363,09175,2017,140800.0
4364,09175,2018,142142.0
4365,09175,2019,143649.0
4366,09175,2020,144091.0
4367,09175,2021,144562.0
4368,09175,2022,146830.0
4369,09175,2023,147559.0
4370,09176,2005,123233.0
4371,09176,2006,123745.0
4372,09176,2007,124419.0
4373,09176,2008,124811.0
4374,09176,2009,124699.0
4375,09176,2010,125015.0
4376,09176,2011,123961.0
4377,09176,2012,125039.0
4378,09176,2013,125858.0
4379,09176,2014,127189.0
4380,09176,2015,128805.0
4381,09176,2016,130808.0
4382,09176,2017,131646.0
4383,09176,2018,132341.0
4384,09176,2019,132881.0
4385,09176,2020,133169.0
4386,09176,2021,133634.0
4387,09176,2022,135591.0
4388,09176,2023,136565.0
4389,09177,2005,123094.0
4390,09177,2006,123703.0
4391,09177,2007,124876.0
4392,09177,2008,125544.0
4393,09177,2009,126370.0
4394,09177,2010,127011.0
4395,09177,2011,126676.0
4396,09177,2012,128289.0
4397,09177,2013,130238.0
4398,09177,2014,131839.0
4399,09177,2015,133747.0
4400,09177,2016,135429.0
4401,09177,2017,136884.0
4402,09177,2018,137660.0
4403,09177,2019,138182.0
4404,09177,2020,138891.0
4405,09177,2021,139622.0
4406,09177,2022,141680.0
4407,09177,2023,142540.0
4408,09178,2005,160655.0
4409,09178,2006,162452.0
4410,09178,2007,164692.0
4411,09178,2008,165582.0
4412,09178,2009,165483.0
4413,09178,2010,166375.0
4414,09178,2011,164232.0
4415,09178,2012,166286.0
4416,09178,2013,169010.0
4417,09178,2014,170357.0
4418,09178,2015,173225.0
4419,09178,2016,175803.0
4420,09178,2017,177997.0
4421,09178,2018,179116.0
4422,09178,2019,180007.0
4423,09178,2020,180313.0
4424,09178,2021,181144.0
4425,09178,2022,184433.0
4426,09178,2023,186276.0
4427,09179,2005,199783.0
4428,09179,2006,200362.0
4429,09179,2007,201148.0
4430,09179,2008,201845.0
4431,09179,2009,203129.0
4432,09179,2010,204538.0
4433,09179,2011,203029.0
4434,09179,2012,205194.0
4435,09179,2013,208272.0
4436,09179,2014,210278.0
4437,09179,2015,213481.0
4438,09179,2016,216857.0
4439,09179,2017,217831.0
4440,09179,2018,219320.0
4441,09179,2019,219311.0
4442,09179,2020,218740.0
4443,09179,2021,218579.0
4444,09179,2022,221612.0
4445,09179,2023,222932.0
4446,09180,2005,87351.0
4447,09180,2006,86923.0
4448,09180,2007,86872.0
4449,09180,2008,86478.0
4450,09180,2009,86305.0
4451,09180,2010,86336.0
4452,09180,2011,84234.0
4453,09180,2012,84710.0
4454,09180,2013,85443.0
4455,09180,2014,85931.0
4456,09180,2015,87385.0
4457,09180,2016,87877.0
4458,09180,2017,88155.0
4459,09180,2018,88467.0
4460,09180,2019,88424.0
4461,09180,2020,88279.0
4462,09180,2021,88232.0
4463,09180,2022,88840.0
4464,09180,2023,88748.0
4465,09181,2005,112080.0
4466,09181,2006,112283.0
4467,09181,2007,113311.0
4468,09181,2008,113739.0
4469,09181,2009,114134.0
4470,09181,2010,114626.0
4471,09181,2011,113539.0
4472,09181,2012,114223.0
4473,09181,2013,114926.0
4474,09181,2014,116118.0
4475,09181,2015,117657.0
4476,09181,2016,118725.0
4477,09181,2017,119141.0
4478,09181,2018,120071.0
4479,09181,2019,120302.0
4480,09181,2020,121019.0
4481,09181,2021,121466.0
4482,09181,2022,123032.0
4483,09181,2023,124311.0
4484,09182,2005,94970.0
4485,09182,2006,95045.0
4486,09182,2007,95267.0
4487,09182,2008,95241.0
4488,09182,2009,95484.0
4489,09182,2010,95641.0
4490,09182,2011,93971.0
4491,09182,2012,94759.0
4492,09182,2013,96049.0
4493,09182,2014,96773.0
4494,09182,2015,98286.0
4495,09182,2016,98828.0
4496,09182,2017,99189.0
4497,09182,2018,99726.0
4498,09182,2019,100010.0
4499,09182,2020,100183.0
4500,09182,2021,99978.0
4501,09182,2022,101346.0
4502,09182,2023,101451.0
4503,09183,2005,110930.0
4504,09183,2006,110623.0
4505,09183,2007,110536.0
4506,09183,2008,110248.0
4507,09183,2009,110258.0
4508,09183,2010,110282.0
4509,09183,2011,106803.0
4510,09183,2012,107363.0
4511,09183,2013,109227.0
4512,09183,2014,110296.0
4513,09183,2015,112034.0
4514,09183,2016,113222.0
4515,09183,2017,114486.0
4516,09183,2018,115250.0
4517,09183,2019,115872.0
4518,09183,2020,116483.0
4519,09183,2021,117606.0
4520,09183,2022,119878.0
4521,09183,2023,120732.0
4522,09184,2005,309080.0
4523,09184,2006,311493.0
4524,09184,2007,315462.0
4525,09184,2008,317543.0
4526,09184,2009,319573.0
4527,09184,2010,323015.0
4528,09184,2011,320855.0
4529,09184,2012,325744.0
4530,09184,2013,329981.0
4531,09184,2014,332800.0
4532,09184,2015,340003.0
4533,09184,2016,343405.0
4534,09184,2017,346433.0
4535,09184,2018,348871.0
4536,09184,2019,350473.0
4537,09184,2020,349685.0
4538,09184,2021,349837.0
4539,09184,2022,355890.0
4540,09184,2023,358480.0
4541,09185,2005,91181.0
4542,09185,2006,90945.0
4543,09185,2007,91067.0
4544,09185,2008,91190.0
4545,09185,2009,91258.0
4546,09185,2010,91397.0
4547,09185,2011,90973.0
4548,09185,2012,91783.0
4549,09185,2013,92700.0
4550,09185,2014,93505.0
4551,09185,2015,94654.0
4552,09185,2016,95759.0
4553,09185,2017,96164.0
4554,09185,2018,96680.0
4555,09185,2019,97303.0
4556,09185,2020,97730.0
4557,09185,2021,98503.0
4558,09185,2022,99957.0
4559,09185,2023,101109.0
4560,09186,2005,115809.0
4561,09186,2006,116014.0
4562,09186,2007,116407.0
4563,09186,2008,116725.0
4564,09186,2009,116991.0
4565,09186,2010,117371.0
4566,09186,2011,116973.0
4567,09186,2012,118349.0
4568,09186,2013,119987.0
4569,09186,2014,121594.0
4570,09186,2015,124128.0
4571,09186,2016,125085.0
4572,09186,2017,126244.0
4573,09186,2018,127151.0
4574,09186,2019,128227.0
4575,09186,2020,129128.0
4576,09186,2021,129772.0
4577,09186,2022,132082.0
4578,09186,2023,132966.0
4579,09187,2005,247057.0
4580,09187,2006,246828.0
4581,09187,2007,248047.0
4582,09187,2008,248268.0
4583,09187,2009,248819.0
4584,09187,2010,249772.0
4585,09187,2011,245264.0
4586,09187,2012,247133.0
4587,09187,2013,249810.0
4588,09187,2014,251850.0
4589,09187,2015,256074.0
4590,09187,2016,257466.0
4591,09187,2017,259449.0
4592,09187,2018,260983.0
4593,09187,2019,261330.0
4594,09187,2020,261721.0
4595,09187,2021,263367.0
4596,09187,2022,266945.0
4597,09187,2023,268391.0
4598,09188,2005,129091.0
4599,09188,2006,128789.0
4600,09188,2007,129515.0
4601,09188,2008,129861.0
4602,09188,2009,130010.0
4603,09188,2010,130283.0
4604,09188,2011,128111.0
4605,09188,2012,129530.0
4606,09188,2013,130811.0
4607,09188,2014,131873.0
4608,09188,2015,133621.0
4609,09188,2016,134732.0
4610,09188,2017,135545.0
4611,09188,2018,136092.0
4612,09188,2019,136667.0
4613,09188,2020,136610.0
4614,09188,2021,136747.0
4615,09188,2022,138785.0
4616,09188,2023,139067.0
4617,09189,2005,170906.0
4618,09189,2006,170440.0
4619,09189,2007,170546.0
4620,09189,2008,170594.0
4621,09189,2009,170614.0
4622,09189,2010,170521.0
4623,09189,2011,168827.0
4624,09189,2012,169464.0
4625,09189,2013,170364.0
4626,09189,2014,171978.0
4627,09189,2015,174162.0
4628,09189,2016,175431.0
4629,09189,2017,176290.0
4630,09189,2018,177089.0
4631,09189,2019,177319.0
4632,09189,2020,177485.0
4633,09189,2021,178447.0
4634,09189,2022,180779.0
4635,09189,2023,181763.0
4636,09190,2005,131034.0
4637,09190,2006,130777.0
4638,09190,2007,131317.0
4639,09190,2008,130926.0
4640,09190,2009,130863.0
4641,09190,2010,130922.0
4642,09190,2011,129060.0
4643,09190,2012,129568.0
4644,09190,2013,130387.0
4645,09190,2014,131190.0
4646,09190,2015,132906.0
4647,09190,2016,133859.0
4648,09190,2017,134252.0
4649,09190,2018,135348.0
4650,09190,2019,135478.0
4651,09190,2020,136134.0
4652,09190,2021,136642.0
4653,09190,2022,138208.0
4654,09190,2023,139401.0
4655,09261,2005,61368.0
4656,09261,2006,61923.0
4657,09261,2007,62629.0
4658,09261,2008,62606.0
4659,09261,2009,62735.0
4660,09261,2010,63258.0
4661,09261,2011,64277.0
4662,09261,2012,65322.0
4663,09261,2013,66179.0
4664,09261,2014,67509.0
4665,09261,2015,69211.0
4666,09261,2016,70025.0
4667,09261,2017,71193.0
4668,09261,2018,72404.0
4669,09261,2019,73411.0
4670,09261,2020,73065.0
4671,09261,2021,73150.0
4672,09261,2022,75457.0
4673,09261,2023,75272.0
4674,09262,2005,50651.0
4675,09262,2006,50644.0
4676,09262,2007,50741.0
4677,09262,2008,50717.0
4678,09262,2009,50627.0
4679,09262,2010,50594.0
4680,09262,2011,48623.0
4681,09262,2012,49038.0
4682,09262,2013,49454.0
4683,09262,2014,49952.0
4684,09262,2015,50566.0
4685,09262,2016,51074.0
4686,09262,2017,51781.0
4687,09262,2018,52469.0
4688,09262,2019,52803.0
4689,09262,2020,52415.0
4690,09262,2021,53093.0
4691,09262,2022,53907.0
4692,09262,2023,54401.0
4693,09263,2005,44633.0
4694,09263,2006,44504.0
4695,09263,2007,44625.0
4696,09263,2008,44496.0
4697,09263,2009,44493.0
4698,09263,2010,44450.0
4699,09263,2011,44642.0
4700,09263,2012,45099.0
4701,09263,2013,45502.0
4702,09263,2014,46027.0
4703,09263,2015,46806.0
4704,09263,2016,47142.0
4705,09263,2017,47586.0
4706,09263,2018,47794.0
4707,09263,2019,47791.0
4708,09263,2020,47612.0
4709,09263,2021,47854.0
4710,09263,2022,49164.0
4711,09263,2023,49775.0
4712,09271,2005,117492.0
4713,09271,2006,117517.0
4714,09271,2007,117594.0
4715,09271,2008,117273.0
4716,09271,2009,116851.0
4717,09271,2010,117005.0
4718,09271,2011,114690.0
4719,09271,2012,114733.0
4720,09271,2013,115374.0
4721,09271,2014,115699.0
4722,09271,2015,116596.0
4723,09271,2016,117601.0
4724,09271,2017,118741.0
4725,09271,2018,119326.0
4726,09271,2019,119478.0
4727,09271,2020,119479.0
4728,09271,2021,120521.0
4729,09271,2022,122121.0
4730,09271,2023,123129.0
4731,09272,2005,81582.0
4732,09272,2006,80771.0
4733,09272,2007,80427.0
4734,09272,2008,80044.0
4735,09272,2009,79685.0
4736,09272,2010,79293.0
4737,09272,2011,78130.0
4738,09272,2012,77817.0
4739,09272,2013,77626.0
4740,09272,2014,77927.0
4741,09272,2015,78122.0
4742,09272,2016,78180.0
4743,09272,2017,78345.0
4744,09272,2018,78355.0
4745,09272,2019,78362.0
4746,09272,2020,78355.0
4747,09272,2021,78632.0
4748,09272,2022,79286.0
4749,09272,2023,79603.0
4750,09273,2005,113237.0
4751,09273,2006,112927.0
4752,09273,2007,113088.0
4753,09273,2008,113120.0
4754,09273,2009,113071.0
4755,09273,2010,113147.0
4756,09273,2011,113191.0
4757,09273,2012,113996.0
4758,09273,2013,115232.0
4759,09273,2014,116495.0
4760,09273,2015,118965.0
4761,09273,2016,119969.0
4762,09273,2017,121119.0
4763,09273,2018,122258.0
4764,09273,2019,123058.0
4765,09273,2020,123390.0
4766,09273,2021,123899.0
4767,09273,2022,125701.0
4768,09273,2023,126539.0
4769,09274,2005,148101.0
4770,09274,2006,147990.0
4771,09274,2007,148286.0
4772,09274,2008,148513.0
4773,09274,2009,148350.0
4774,09274,2010,148783.0
4775,09274,2011,147758.0
4776,09274,2012,148862.0
4777,09274,2013,150316.0
4778,09274,2014,151819.0
4779,09274,2015,154577.0
4780,09274,2016,155442.0
4781,09274,2017,157239.0
4782,09274,2018,158698.0
4783,09274,2019,159895.0
4784,09274,2020,161191.0
4785,09274,2021,162331.0
4786,09274,2022,164773.0
4787,09274,2023,165608.0
4788,09275,2005,189142.0
4789,09275,2006,188474.0
4790,09275,2007,188462.0
4791,09275,2008,187965.0
4792,09275,2009,187594.0
4793,09275,2010,187347.0
4794,09275,2011,184531.0
4795,09275,2012,184905.0
4796,09275,2013,185671.0
4797,09275,2014,186284.0
4798,09275,2015,188336.0
4799,09275,2016,188904.0
4800,09275,2017,190504.0
4801,09275,2018,192043.0
4802,09275,2019,192656.0
4803,09275,2020,193454.0
4804,09275,2021,194090.0
4805,09275,2022,196963.0
4806,09275,2023,197863.0
4807,09276,2005,81416.0
4808,09276,2006,80748.0
4809,09276,2007,80195.0
4810,09276,2008,79736.0
4811,09276,2009,79327.0
4812,09276,2010,78953.0
4813,09276,2011,76525.0
4814,09276,2012,76329.0
4815,09276,2013,76257.0
4816,09276,2014,76265.0
4817,09276,2015,76812.0
4818,09276,2016,77187.0
4819,09276,2017,77489.0
4820,09276,2018,77656.0
4821,09276,2019,77410.0
4822,09276,2020,77313.0
4823,09276,2021,77176.0
4824,09276,2022,78035.0
4825,09276,2023,77940.0
4826,09277,2005,119598.0
4827,09277,2006,118944.0
4828,09277,2007,118800.0
4829,09277,2008,118622.0
4830,09277,2009,118157.0
4831,09277,2010,117952.0
4832,09277,2011,116849.0
4833,09277,2012,117437.0
4834,09277,2013,117654.0
4835,09277,2014,118164.0
4836,09277,2015,119218.0
4837,09277,2016,119617.0
4838,09277,2017,120371.0
4839,09277,2018,120659.0
4840,09277,2019,121502.0
4841,09277,2020,121800.0
4842,09277,2021,122252.0
4843,09277,2022,124436.0
4844,09277,2023,124911.0
4845,09278,2005,97797.0
4846,09278,2006,97734.0
4847,09278,2007,97810.0
4848,09278,2008,97702.0
4849,09278,2009,97631.0
4850,09278,2010,97591.0
4851,09278,2011,96140.0
4852,09278,2012,96667.0
4853,09278,2013,97323.0
4854,09278,2014,97967.0
4855,09278,2015,98806.0
4856,09278,2016,99221.0
4857,09278,2017,99838.0
4858,09278,2018,100649.0
4859,09278,2019,101120.0
4860,09278,2020,101745.0
4861,09278,2021,102398.0
4862,09278,2022,103806.0
4863,09278,2023,104167.0
4864,09279,2005,91906.0
4865,09279,2006,91644.0
4866,09279,2007,91481.0
4867,09279,2008,91116.0
4868,09279,2009,90673.0
4869,09279,2010,91011.0
4870,09279,2011,90567.0
4871,09279,2012,91267.0
4872,09279,2013,92565.0
4873,09279,2014,93450.0
4874,09279,2015,94104.0
4875,09279,2016,95035.0
4876,09279,2017,95831.0
4877,09279,2018,96217.0
4878,09279,2019,96683.0
4879,09279,2020,97244.0
4880,09279,2021,98045.0
4881,09279,2022,100306.0
4882,09279,2023,101477.0
4883,09361,2005,44618.0
4884,09361,2006,44394.0
4885,09361,2007,44216.0
4886,09361,2008,44059.0
4887,09361,2009,43715.0
4888,09361,2010,43755.0
4889,09361,2011,41790.0
4890,09361,2012,41578.0
4891,09361,2013,41592.0
4892,09361,2014,41535.0
4893,09361,2015,41861.0
4894,09361,2016,42348.0
4895,09361,2017,42248.0
4896,09361,2018,41970.0
4897,09361,2019,42207.0
4898,09361,2020,42052.0
4899,09361,2021,41994.0
4900,09361,2022,42534.0
4901,09361,2023,42676.0
4902,09362,2005,129859.0
4903,09362,2006,131342.0
4904,09362,2007,132495.0
4905,09362,2008,133525.0
4906,09362,2009,134218.0
4907,09362,2010,135520.0
4908,09362,2011,136352.0
4909,09362,2012,138296.0
4910,09362,2013,140276.0
4911,09362,2014,142292.0
4912,09362,2015,145465.0
4913,09362,2016,148638.0
4914,09362,2017,150894.0
4915,09362,2018,152610.0
4916,09362,2019,153094.0
4917,09362,2020,152270.0
4918,09362,2021,153542.0
4919,09362,2022,157443.0
4920,09362,2023,159465.0
4921,09363,2005,42672.0
4922,09363,2006,42496.0
4923,09363,2007,42445.0
4924,09363,2008,42219.0
4925,09363,2009,42058.0
4926,09363,2010,41961.0
4927,09363,2011,41734.0
4928,09363,2012,41684.0
4929,09363,2013,41726.0
4930,09363,2014,41817.0
4931,09363,2015,42055.0
4932,09363,2016,42494.0
4933,09363,2017,42543.0
4934,09363,2018,42520.0
4935,09363,2019,42743.0
4936,09363,2020,42535.0
4937,09363,2021,42472.0
4938,09363,2022,43052.0
4939,09363,2023,43188.0
4940,09371,2005,108159.0
4941,09371,2006,107683.0
4942,09371,2007,107069.0
4943,09371,2008,106224.0
4944,09371,2009,105727.0
4945,09371,2010,105180.0
4946,09371,2011,103597.0
4947,09371,2012,103352.0
4948,09371,2013,103074.0
4949,09371,2014,103045.0
4950,09371,2015,103568.0
4951,09371,2016,103009.0
4952,09371,2017,102836.0
4953,09371,2018,103109.0
4954,09371,2019,103049.0
4955,09371,2020,102998.0
4956,09371,2021,103277.0
4957,09371,2022,104436.0
4958,09371,2023,104914.0
4959,09372,2005,130871.0
4960,09372,2006,130111.0
4961,09372,2007,129605.0
4962,09372,2008,129092.0
4963,09372,2009,128498.0
4964,09372,2010,128322.0
4965,09372,2011,125504.0
4966,09372,2012,125620.0
4967,09372,2013,125553.0
4968,09372,2014,125844.0
4969,09372,2015,126359.0
4970,09372,2016,126918.0
4971,09372,2017,127339.0
4972,09372,2018,127882.0
4973,09372,2019,127998.0
4974,09372,2020,128094.0
4975,09372,2021,128444.0
4976,09372,2022,130193.0
4977,09372,2023,130946.0
4978,09373,2005,128613.0
4979,09373,2006,128529.0
4980,09373,2007,128488.0
4981,09373,2008,128130.0
4982,09373,2009,128049.0
4983,09373,2010,127769.0
4984,09373,2011,126746.0
4985,09373,2012,127145.0
4986,09373,2013,127826.0
4987,09373,2014,128975.0
4988,09373,2015,130385.0
4989,09373,2016,131662.0
4990,09373,2017,132644.0
4991,09373,2018,133561.0
4992,09373,2019,134573.0
4993,09373,2020,135225.0
4994,09373,2021,136062.0
4995,09373,2022,138086.0
4996,09373,2023,139277.0
4997,09374,2005,100081.0
4998,09374,2006,99496.0
4999,09374,2007,99007.0
5000,09374,2008,98426.0
5001,09374,2009,97791.0
5002,09374,2010,97211.0
5003,09374,2011,96094.0
5004,09374,2012,95849.0
5005,09374,2013,95447.0
5006,09374,2014,95184.0
5007,09374,2015,95078.0
5008,09374,2016,94528.0
5009,09374,2017,94486.0
5010,09374,2018,94352.0
5011,09374,2019,94450.0
5012,09374,2020,94645.0
5013,09374,2021,94838.0
5014,09374,2022,95954.0
5015,09374,2023,96400.0
5016,09375,2005,182193.0
5017,09375,2006,182388.0
5018,09375,2007,182721.0
5019,09375,2008,182812.0
5020,09375,2009,183045.0
5021,09375,2010,183796.0
5022,09375,2011,183161.0
5023,09375,2012,184344.0
5024,09375,2013,185980.0
5025,09375,2014,187205.0
5026,09375,2015,189390.0
5027,09375,2016,190481.0
5028,09375,2017,192200.0
5029,09375,2018,193572.0
5030,09375,2019,194070.0
5031,09375,2020,194275.0
5032,09375,2021,195225.0
5033,09375,2022,198160.0
5034,09375,2023,200264.0
5035,09376,2005,144748.0
5036,09376,2006,144411.0
5037,09376,2007,144089.0
5038,09376,2008,143340.0
5039,09376,2009,142979.0
5040,09376,2010,142804.0
5041,09376,2011,142630.0
5042,09376,2012,142947.0
5043,09376,2013,143060.0
5044,09376,2014,143614.0
5045,09376,2015,144864.0
5046,09376,2016,145382.0
5047,09376,2017,146487.0
5048,09376,2018,147189.0
5049,09376,2019,147872.0
5050,09376,2020,148477.0
5051,09376,2021,149239.0
5052,09376,2022,151711.0
5053,09376,2023,152284.0
5054,09377,2005,77729.0
5055,09377,2006,77089.0
5056,09377,2007,76549.0
5057,09377,2008,75953.0
5058,09377,2009,75337.0
5059,09377,2010,74802.0
5060,09377,2011,74483.0
5061,09377,2012,73923.0
5062,09377,2013,73457.0
5063,09377,2014,73250.0
5064,09377,2015,73314.0
5065,09377,2016,72918.0
5066,09377,2017,72730.0
5067,09377,2018,72504.0
5068,09377,2019,72046.0
5069,09377,2020,71696.0
5070,09377,2021,71648.0
5071,09377,2022,72172.0
5072,09377,2023,72147.0
5073,09461,2005,70081.0
5074,09461,2006,69574.0
5075,09461,2007,69884.0
5076,09461,2008,69989.0
5077,09461,2009,69827.0
5078,09461,2010,70004.0
5079,09461,2011,70712.0
5080,09461,2012,70863.0
5081,09461,2013,71167.0
5082,09461,2014,71952.0
5083,09461,2015,73331.0
5084,09461,2016,75743.0
5085,09461,2017,77179.0
5086,09461,2018,77592.0
5087,09461,2019,77373.0
5088,09461,2020,76674.0
5089,09461,2021,77749.0
5090,09461,2022,79935.0
5091,09461,2023,80580.0
5092,09462,2005,73997.0
5093,09462,2006,73503.0
5094,09462,2007,73097.0
5095,09462,2008,72935.0
5096,09462,2009,72576.0
5097,09462,2010,72683.0
5098,09462,2011,71214.0
5099,09462,2012,71482.0
5100,09462,2013,71572.0
5101,09462,2014,71601.0
5102,09462,2015,72148.0
5103,09462,2016,73065.0
5104,09462,2017,73999.0
5105,09462,2018,74657.0
5106,09462,2019,74783.0
5107,09462,2020,74048.0
5108,09462,2021,73909.0
5109,09462,2022,74506.0
5110,09462,2023,74907.0
5111,09463,2005,41950.0
5112,09463,2006,41638.0
5113,09463,2007,41283.0
5114,09463,2008,41316.0
5115,09463,2009,41177.0
5116,09463,2010,41076.0
5117,09463,2011,40991.0
5118,09463,2012,41022.0
5119,09463,2013,40994.0
5120,09463,2014,41062.0
5121,09463,2015,41257.0
5122,09463,2016,41071.0
5123,09463,2017,41236.0
5124,09463,2018,41249.0
5125,09463,2019,41072.0
5126,09463,2020,40842.0
5127,09463,2021,40955.0
5128,09463,2022,41842.0
5129,09463,2023,42139.0
5130,09464,2005,48723.0
5131,09464,2006,48191.0
5132,09464,2007,47744.0
5133,09464,2008,47275.0
5134,09464,2009,46779.0
5135,09464,2010,46286.0
5136,09464,2011,44511.0
5137,09464,2012,44461.0
5138,09464,2013,44522.0
5139,09464,2014,44325.0
5140,09464,2015,44660.0
5141,09464,2016,45183.0
5142,09464,2017,45950.0
5143,09464,2018,45930.0
5144,09464,2019,45825.0
5145,09464,2020,45173.0
5146,09464,2021,45125.0
5147,09464,2022,46656.0
5148,09464,2023,46963.0
5149,09471,2005,144825.0
5150,09471,2006,144993.0
5151,09471,2007,144949.0
5152,09471,2008,144524.0
5153,09471,2009,144442.0
5154,09471,2010,144211.0
5155,09471,2011,143746.0
5156,09471,2012,143758.0
5157,09471,2013,144425.0
5158,09471,2014,144695.0
5159,09471,2015,145570.0
5160,09471,2016,146042.0
5161,09471,2017,146584.0
5162,09471,2018,147086.0
5163,09471,2019,147163.0
5164,09471,2020,147497.0
5165,09471,2021,147697.0
5166,09471,2022,149122.0
5167,09471,2023,149823.0
5168,09472,2005,108724.0
5169,09472,2006,108256.0
5170,09472,2007,107649.0
5171,09472,2008,106952.0
5172,09472,2009,106488.0
5173,09472,2010,106102.0
5174,09472,2011,105227.0
5175,09472,2012,104901.0
5176,09472,2013,104637.0
5177,09472,2014,104615.0
5178,09472,2015,104306.0
5179,09472,2016,103876.0
5180,09472,2017,103805.0
5181,09472,2018,103656.0
5182,09472,2019,103664.0
5183,09472,2020,103679.0
5184,09472,2021,103648.0
5185,09472,2022,104702.0
5186,09472,2023,104843.0
5187,09473,2005,91325.0
5188,09473,2006,90786.0
5189,09473,2007,90244.0
5190,09473,2008,89503.0
5191,09473,2009,88943.0
5192,09473,2010,88193.0
5193,09473,2011,87404.0
5194,09473,2012,87006.0
5195,09473,2013,86719.0
5196,09473,2014,86715.0
5197,09473,2015,86599.0
5198,09473,2016,86734.0
5199,09473,2017,86885.0
5200,09473,2018,86906.0
5201,09473,2019,86747.0
5202,09473,2020,86571.0
5203,09473,2021,86544.0
5204,09473,2022,87103.0
5205,09473,2023,87259.0
5206,09474,2005,113543.0
5207,09474,2006,113397.0
5208,09474,2007,113389.0
5209,09474,2008,113289.0
5210,09474,2009,113236.0
5211,09474,2010,112985.0
5212,09474,2011,112986.0
5213,09474,2012,113331.0
5214,09474,2013,113424.0
5215,09474,2014,113900.0
5216,09474,2015,114834.0
5217,09474,2016,115259.0
5218,09474,2017,115681.0
5219,09474,2018,116099.0
5220,09474,2019,116203.0
5221,09474,2020,116600.0
5222,09474,2021,116753.0
5223,09474,2022,117948.0
5224,09474,2023,118725.0
5225,09475,2005,105715.0
5226,09475,2006,104613.0
5227,09475,2007,103686.0
5228,09475,2008,102475.0
5229,09475,2009,101252.0
5230,09475,2010,100234.0
5231,09475,2011,98787.0
5232,09475,2012,97873.0
5233,09475,2013,97096.0
5234,09475,2014,96608.0
5235,09475,2015,96429.0
5236,09475,2016,95915.0
5237,09475,2017,95773.0
5238,09475,2018,95311.0
5239,09475,2019,94801.0
5240,09475,2020,94522.0
5241,09475,2021,93907.0
5242,09475,2022,94589.0
5243,09475,2023,94333.0
5244,09476,2005,73678.0
5245,09476,2006,72909.0
5246,09476,2007,72289.0
5247,09476,2008,71609.0
5248,09476,2009,70941.0
5249,09476,2010,70106.0
5250,09476,2011,69599.0
5251,09476,2012,69095.0
5252,09476,2013,68484.0
5253,09476,2014,67998.0
5254,09476,2015,67916.0
5255,09476,2016,67613.0
5256,09476,2017,67474.0
5257,09476,2018,67135.0
5258,09476,2019,66743.0
5259,09476,2020,66355.0
5260,09476,2021,66091.0
5261,09476,2022,66393.0
5262,09476,2023,66294.0
5263,09477,2005,77141.0
5264,09477,2006,76641.0
5265,09477,2007,76153.0
5266,09477,2008,75593.0
5267,09477,2009,74967.0
5268,09477,2010,74491.0
5269,09477,2011,73710.0
5270,09477,2012,73211.0
5271,09477,2013,72898.0
5272,09477,2014,72541.0
5273,09477,2015,72468.0
5274,09477,2016,71993.0
5275,09477,2017,72012.0
5276,09477,2018,71845.0
5277,09477,2019,71566.0
5278,09477,2020,71428.0
5279,09477,2021,71328.0
5280,09477,2022,71653.0
5281,09477,2023,71956.0
5282,09478,2005,70057.0
5283,09478,2006,69519.0
5284,09478,2007,69045.0
5285,09478,2008,68617.0
5286,09478,2009,68286.0
5287,09478,2010,68087.0
5288,09478,2011,67245.0
5289,09478,2012,67109.0
5290,09478,2013,66644.0
5291,09478,2014,66540.0
5292,09478,2015,66655.0
5293,09478,2016,66640.0
5294,09478,2017,66777.0
5295,09478,2018,66838.0
5296,09478,2019,66776.0
5297,09478,2020,66722.0
5298,09478,2021,66741.0
5299,09478,2022,67328.0
5300,09478,2023,67555.0
5301,09479,2005,81631.0
5302,09479,2006,80505.0
5303,09479,2007,79433.0
5304,09479,2008,78439.0
5305,09479,2009,77486.0
5306,09479,2010,76848.0
5307,09479,2011,75441.0
5308,09479,2012,74599.0
5309,09479,2013,73783.0
5310,09479,2014,73403.0
5311,09479,2015,73185.0
5312,09479,2016,73260.0
5313,09479,2017,73485.0
5314,09479,2018,73178.0
5315,09479,2019,72655.0
5316,09479,2020,71974.0
5317,09479,2021,71482.0
5318,09479,2022,72006.0
5319,09479,2023,71972.0
5320,09561,2005,40624.0
5321,09561,2006,40412.0
5322,09561,2007,40330.0
5323,09561,2008,40454.0
5324,09561,2009,40420.0
5325,09561,2010,40253.0
5326,09561,2011,39600.0
5327,09561,2012,39684.0
5328,09561,2013,39839.0
5329,09561,2014,40010.0
5330,09561,2015,41159.0
5331,09561,2016,41532.0
5332,09561,2017,41652.0
5333,09561,2018,41847.0
5334,09561,2019,41798.0
5335,09561,2020,41681.0
5336,09561,2021,41662.0
5337,09561,2022,42221.0
5338,09561,2023,42311.0
5339,09562,2005,103197.0
5340,09562,2006,103753.0
5341,09562,2007,104650.0
5342,09562,2008,104980.0
5343,09562,2009,105554.0
5344,09562,2010,105629.0
5345,09562,2011,104312.0
5346,09562,2012,105412.0
5347,09562,2013,105624.0
5348,09562,2014,106423.0
5349,09562,2015,108336.0
5350,09562,2016,110238.0
5351,09562,2017,110998.0
5352,09562,2018,111962.0
5353,09562,2019,112528.0
5354,09562,2020,112385.0
5355,09562,2021,113292.0
5356,09562,2022,116562.0
5357,09562,2023,117806.0
5358,09563,2005,113422.0
5359,09563,2006,113627.0
5360,09563,2007,114130.0
5361,09563,2008,114071.0
5362,09563,2009,114044.0
5363,09563,2010,114628.0
5364,09563,2011,116640.0
5365,09563,2012,118358.0
5366,09563,2013,119808.0
5367,09563,2014,121519.0
5368,09563,2015,124171.0
5369,09563,2016,125403.0
5370,09563,2017,126526.0
5371,09563,2018,127748.0
5372,09563,2019,128497.0
5373,09563,2020,128223.0
5374,09563,2021,129122.0
5375,09563,2022,131433.0
5376,09563,2023,132032.0
5377,09564,2005,499237.0
5378,09564,2006,500855.0
5379,09564,2007,503110.0
5380,09564,2008,503638.0
5381,09564,2009,503673.0
5382,09564,2010,505664.0
5383,09564,2011,490085.0
5384,09564,2012,495121.0
5385,09564,2013,498876.0
5386,09564,2014,501072.0
5387,09564,2015,509975.0
5388,09564,2016,511628.0
5389,09564,2017,515201.0
5390,09564,2018,518365.0
5391,09564,2019,518370.0
5392,09564,2020,515543.0
5393,09564,2021,510632.0
5394,09564,2022,523026.0
5395,09564,2023,526091.0
5396,09565,2005,38791.0
5397,09565,2006,38862.0
5398,09565,2007,38753.0
5399,09565,2008,38771.0
5400,09565,2009,38751.0
5401,09565,2010,38879.0
5402,09565,2011,38610.0
5403,09565,2012,39137.0
5404,09565,2013,39546.0
5405,09565,2014,39941.0
5406,09565,2015,40428.0
5407,09565,2016,40707.0
5408,09565,2017,40781.0
5409,09565,2018,40792.0
5410,09565,2019,40981.0
5411,09565,2020,41056.0
5412,09565,2021,41146.0
5413,09565,2022,41227.0
5414,09565,2023,41380.0
5415,09571,2005,183755.0
5416,09571,2006,183052.0
5417,09571,2007,182293.0
5418,09571,2008,181417.0
5419,09571,2009,180719.0
5420,09571,2010,179925.0
5421,09571,2011,178262.0
5422,09571,2012,178289.0
5423,09571,2013,178914.0
5424,09571,2014,179419.0
5425,09571,2015,181314.0
5426,09571,2016,182178.0
5427,09571,2017,183256.0
5428,09571,2018,183949.0
5429,09571,2019,184591.0
5430,09571,2020,185316.0
5431,09571,2021,186279.0
5432,09571,2022,188623.0
5433,09571,2023,189517.0
5434,09572,2005,130489.0
5435,09572,2006,130788.0
5436,09572,2007,130873.0
5437,09572,2008,131097.0
5438,09572,2009,131059.0
5439,09572,2010,131448.0
5440,09572,2011,130747.0
5441,09572,2012,131227.0
5442,09572,2013,132012.0
5443,09572,2014,132830.0
5444,09572,2015,134136.0
5445,09572,2016,134640.0
5446,09572,2017,135334.0
5447,09572,2018,136271.0
5448,09572,2019,137262.0
5449,09572,2020,138105.0
5450,09572,2021,139323.0
5451,09572,2022,140994.0
5452,09572,2023,141517.0
5453,09573,2005,114024.0
5454,09573,2006,114203.0
5455,09573,2007,114483.0
5456,09573,2008,114496.0
5457,09573,2009,114475.0
5458,09573,2010,114810.0
5459,09573,2011,113259.0
5460,09573,2012,113959.0
5461,09573,2013,114513.0
5462,09573,2014,113847.0
5463,09573,2015,114291.0
5464,09573,2016,115971.0
5465,09573,2017,116193.0
5466,09573,2018,117387.0
5467,09573,2019,117853.0
5468,09573,2020,118695.0
5469,09573,2021,119432.0
5470,09573,2022,119923.0
5471,09573,2023,119826.0
5472,09574,2005,168389.0
5473,09574,2006,168111.0
5474,09574,2007,167444.0
5475,09574,2008,167152.0
5476,09574,2009,166491.0
5477,09574,2010,166260.0
5478,09574,2011,164079.0
5479,09574,2012,164564.0
5480,09574,2013,165000.0
5481,09574,2014,165918.0
5482,09574,2015,167643.0
5483,09574,2016,168893.0
5484,09574,2017,169752.0
5485,09574,2018,170365.0
5486,09574,2019,170792.0
5487,09574,2020,171143.0
5488,09574,2021,171424.0
5489,09574,2022,172665.0
5490,09574,2023,172941.0
5491,09575,2005,99979.0
5492,09575,2006,99490.0
5493,09575,2007,99106.0
5494,09575,2008,98509.0
5495,09575,2009,98044.0
5496,09575,2010,97558.0
5497,09575,2011,97518.0
5498,09575,2012,97409.0
5499,09575,2013,97482.0
5500,09575,2014,97808.0
5501,09575,2015,98751.0
5502,09575,2016,99332.0
5503,09575,2017,99641.0
5504,09575,2018,100364.0
5505,09575,2019,101014.0
5506,09575,2020,101272.0
5507,09575,2021,101788.0
5508,09575,2022,103303.0
5509,09575,2023,103654.0
5510,09576,2005,125708.0
5511,09576,2006,125306.0
5512,09576,2007,125240.0
5513,09576,2008,124811.0
5514,09576,2009,124329.0
5515,09576,2010,124186.0
5516,09576,2011,123120.0
5517,09576,2012,123168.0
5518,09576,2013,123431.0
5519,09576,2014,123890.0
5520,09576,2015,125140.0
5521,09576,2016,125563.0
5522,09576,2017,126101.0
5523,09576,2018,126958.0
5524,09576,2019,126749.0
5525,09576,2020,127168.0
5526,09576,2021,127520.0
5527,09576,2022,128694.0
5528,09576,2023,129595.0
5529,09577,2005,94660.0
5530,09577,2006,94163.0
5531,09577,2007,93711.0
5532,09577,2008,93009.0
5533,09577,2009,92586.0
5534,09577,2010,92326.0
5535,09577,2011,92182.0
5536,09577,2012,92187.0
5537,09577,2013,92331.0
5538,09577,2014,92518.0
5539,09577,2015,93342.0
5540,09577,2016,93974.0
5541,09577,2017,94208.0
5542,09577,2018,94393.0
5543,09577,2019,94734.0
5544,09577,2020,95117.0
5545,09577,2021,95523.0
5546,09577,2022,97120.0
5547,09577,2023,97276.0
5548,09661,2005,68642.0
5549,09661,2006,68664.0
5550,09661,2007,68646.0
5551,09661,2008,68747.0
5552,09661,2009,68722.0
5553,09661,2010,68678.0
5554,09661,2011,67470.0
5555,09661,2012,67681.0
5556,09661,2013,67844.0
5557,09661,2014,68167.0
5558,09661,2015,68986.0
5559,09661,2016,69187.0
5560,09661,2017,69928.0
5561,09661,2018,70527.0
5562,09661,2019,71002.0
5563,09661,2020,70858.0
5564,09661,2021,71381.0
5565,09661,2022,72444.0
5566,09661,2023,72918.0
5567,09662,2005,54273.0
5568,09662,2006,53970.0
5569,09662,2007,53798.0
5570,09662,2008,53588.0
5571,09662,2009,53533.0
5572,09662,2010,53415.0
5573,09662,2011,52118.0
5574,09662,2012,52098.0
5575,09662,2013,51851.0
5576,09662,2014,51610.0
5577,09662,2015,51969.0
5578,09662,2016,52724.0
5579,09662,2017,53437.0
5580,09662,2018,54032.0
5581,09662,2019,53426.0
5582,09662,2020,53319.0
5583,09662,2021,53585.0
5584,09662,2022,54675.0
5585,09662,2023,55067.0
5586,09663,2005,133906.0
5587,09663,2006,134913.0
5588,09663,2007,135212.0
5589,09663,2008,133501.0
5590,09663,2009,133195.0
5591,09663,2010,133799.0
5592,09663,2011,124449.0
5593,09663,2012,124577.0
5594,09663,2013,124698.0
5595,09663,2014,124219.0
5596,09663,2015,124873.0
5597,09663,2016,126010.0
5598,09663,2017,126635.0
5599,09663,2018,127880.0
5600,09663,2019,127934.0
5601,09663,2020,126954.0
5602,09663,2021,126933.0
5603,09663,2022,127810.0
5604,09663,2023,128246.0
5605,09671,2005,174974.0
5606,09671,2006,174543.0
5607,09671,2007,174168.0
5608,09671,2008,173707.0
5609,09671,2009,172990.0
5610,09671,2010,172667.0
5611,09671,2011,172351.0
5612,09671,2012,172575.0
5613,09671,2013,172791.0
5614,09671,2014,172776.0
5615,09671,2015,173695.0
5616,09671,2016,173504.0
5617,09671,2017,173969.0
5618,09671,2018,174208.0
5619,09671,2019,174200.0
5620,09671,2020,174658.0
5621,09671,2021,174965.0
5622,09671,2022,176958.0
5623,09671,2023,177056.0
5624,09672,2005,107988.0
5625,09672,2006,107267.0
5626,09672,2007,106628.0
5627,09672,2008,105770.0
5628,09672,2009,104932.0
5629,09672,2010,104301.0
5630,09672,2011,103653.0
5631,09672,2012,103124.0
5632,09672,2013,102865.0
5633,09672,2014,102901.0
5634,09672,2015,103106.0
5635,09672,2016,103100.0
5636,09672,2017,103265.0
5637,09672,2018,103218.0
5638,09672,2019,103235.0
5639,09672,2020,103169.0
5640,09672,2021,103454.0
5641,09672,2022,104567.0
5642,09672,2023,104898.0
5643,09673,2005,86094.0
5644,09673,2006,85313.0
5645,09673,2007,84676.0
5646,09673,2008,83895.0
5647,09673,2009,83442.0
5648,09673,2010,82916.0
5649,09673,2011,80469.0
5650,09673,2012,80224.0
5651,09673,2013,79965.0
5652,09673,2014,79676.0
5653,09673,2015,79723.0
5654,09673,2016,79855.0
5655,09673,2017,79796.0
5656,09673,2018,79690.0
5657,09673,2019,79635.0
5658,09673,2020,79510.0
5659,09673,2021,79376.0
5660,09673,2022,80341.0
5661,09673,2023,80544.0
5662,09674,2005,87607.0
5663,09674,2006,87063.0
5664,09674,2007,86477.0
5665,09674,2008,85914.0
5666,09674,2009,85379.0
5667,09674,2010,85010.0
5668,09674,2011,84440.0
5669,09674,2012,84226.0
5670,09674,2013,84090.0
5671,09674,2014,84152.0
5672,09674,2015,84581.0
5673,09674,2016,84373.0
5674,09674,2017,84464.0
5675,09674,2018,84599.0
5676,09674,2019,84384.0
5677,09674,2020,84275.0
5678,09674,2021,84284.0
5679,09674,2022,84984.0
5680,09674,2023,85371.0
5681,09675,2005,89501.0
5682,09675,2006,89378.0
5683,09675,2007,89293.0
5684,09675,2008,88976.0
5685,09675,2009,88692.0
5686,09675,2010,88397.0
5687,09675,2011,87731.0
5688,09675,2012,87899.0
5689,09675,2013,88097.0
5690,09675,2014,88492.0
5691,09675,2015,89306.0
5692,09675,2016,89748.0
5693,09675,2017,90429.0
5694,09675,2018,90909.0
5695,09675,2019,91155.0
5696,09675,2020,91696.0
5697,09675,2021,91980.0
5698,09675,2022,93247.0
5699,09675,2023,93818.0
5700,09676,2005,131376.0
5701,09676,2006,130692.0
5702,09676,2007,130303.0
5703,09676,2008,129648.0
5704,09676,2009,129047.0
5705,09676,2010,128341.0
5706,09676,2011,128122.0
5707,09676,2012,127944.0
5708,09676,2013,127909.0
5709,09676,2014,127941.0
5710,09676,2015,128446.0
5711,09676,2016,128543.0
5712,09676,2017,128484.0
5713,09676,2018,128756.0
5714,09676,2019,128743.0
5715,09676,2020,128743.0
5716,09676,2021,128782.0
5717,09676,2022,129835.0
5718,09676,2023,130363.0
5719,09677,2005,131218.0
5720,09677,2006,130678.0
5721,09677,2007,130148.0
5722,09677,2008,129439.0
5723,09677,2009,128637.0
5724,09677,2010,127761.0
5725,09677,2011,127154.0
5726,09677,2012,126496.0
5727,09677,2013,126295.0
5728,09677,2014,125915.0
5729,09677,2015,126123.0
5730,09677,2016,126301.0
5731,09677,2017,126523.0
5732,09677,2018,126365.0
5733,09677,2019,126158.0
5734,09677,2020,125976.0
5735,09677,2021,126105.0
5736,09677,2022,127132.0
5737,09677,2023,127642.0
5738,09678,2005,115924.0
5739,09678,2006,115173.0
5740,09678,2007,114657.0
5741,09678,2008,114039.0
5742,09678,2009,113425.0
5743,09678,2010,113003.0
5744,09678,2011,112991.0
5745,09678,2012,112857.0
5746,09678,2013,113007.0
5747,09678,2014,113747.0
5748,09678,2015,114813.0
5749,09678,2016,114823.0
5750,09678,2017,115105.0
5751,09678,2018,115106.0
5752,09678,2019,115445.0
5753,09678,2020,115652.0
5754,09678,2021,116134.0
5755,09678,2022,117044.0
5756,09678,2023,116653.0
5757,09679,2005,159978.0
5758,09679,2006,160222.0
5759,09679,2007,160761.0
5760,09679,2008,160273.0
5761,09679,2009,159963.0
5762,09679,2010,159788.0
5763,09679,2011,158128.0
5764,09679,2012,158026.0
5765,09679,2013,158580.0
5766,09679,2014,159253.0
5767,09679,2015,160427.0
5768,09679,2016,161041.0
5769,09679,2017,161340.0
5770,09679,2018,161834.0
5771,09679,2019,162302.0
5772,09679,2020,162697.0
5773,09679,2021,163534.0
5774,09679,2022,165339.0
5775,09679,2023,165921.0
5776,09761,2005,262676.0
5777,09761,2006,262512.0
5778,09761,2007,262992.0
5779,09761,2008,263313.0
5780,09761,2009,263646.0
5781,09761,2010,264708.0
5782,09761,2011,269402.0
5783,09761,2012,272699.0
5784,09761,2013,276542.0
5785,09761,2014,281111.0
5786,09761,2015,286374.0
5787,09761,2016,289584.0
5788,09761,2017,292851.0
5789,09761,2018,295135.0
5790,09761,2019,296582.0
5791,09761,2020,295830.0
5792,09761,2021,296478.0
5793,09761,2022,301033.0
5794,09761,2023,303150.0
5795,09762,2005,42183.0
5796,09762,2006,41945.0
5797,09762,2007,42043.0
5798,09762,2008,41966.0
5799,09762,2009,41881.0
5800,09762,2010,41843.0
5801,09762,2011,41460.0
5802,09762,2012,41570.0
5803,09762,2013,41759.0
5804,09762,2014,42014.0
5805,09762,2015,42731.0
5806,09762,2016,43134.0
5807,09762,2017,43478.0
5808,09762,2018,43893.0
5809,09762,2019,44398.0
5810,09762,2020,44662.0
5811,09762,2021,45118.0
5812,09762,2022,45792.0
5813,09762,2023,46386.0
5814,09763,2005,61360.0
5815,09763,2006,61480.0
5816,09763,2007,61703.0
5817,09763,2008,62135.0
5818,09763,2009,62007.0
5819,09763,2010,62060.0
5820,09763,2011,64300.0
5821,09763,2012,64625.0
5822,09763,2013,65044.0
5823,09763,2014,65624.0
5824,09763,2015,66947.0
5825,09763,2016,67529.0
5826,09763,2017,68330.0
5827,09763,2018,68907.0
5828,09763,2019,69151.0
5829,09763,2020,68940.0
5830,09763,2021,69053.0
5831,09763,2022,70056.0
5832,09763,2023,70713.0
5833,09764,2005,41107.0
5834,09764,2006,41111.0
5835,09764,2007,41021.0
5836,09764,2008,41050.0
5837,09764,2009,41085.0
5838,09764,2010,41025.0
5839,09764,2011,41242.0
5840,09764,2012,41551.0
5841,09764,2013,41772.0
5842,09764,2014,42201.0
5843,09764,2015,42841.0
5844,09764,2016,43293.0
5845,09764,2017,43470.0
5846,09764,2018,43837.0
5847,09764,2019,44100.0
5848,09764,2020,44360.0
5849,09764,2021,44721.0
5850,09764,2022,45857.0
5851,09764,2023,46178.0
5852,09771,2005,127446.0
5853,09771,2006,127531.0
5854,09771,2007,127785.0
5855,09771,2008,127717.0
5856,09771,2009,127859.0
5857,09771,2010,127955.0
5858,09771,2011,126720.0
5859,09771,2012,127250.0
5860,09771,2013,128435.0
5861,09771,2014,129294.0
5862,09771,2015,130916.0
5863,09771,2016,131399.0
5864,09771,2017,132596.0
5865,09771,2018,133596.0
5866,09771,2019,134655.0
5867,09771,2020,135024.0
5868,09771,2021,135538.0
5869,09771,2022,137334.0
5870,09771,2023,138607.0
5871,09772,2005,241381.0
5872,09772,2006,241033.0
5873,09772,2007,240976.0
5874,09772,2008,240294.0
5875,09772,2009,239898.0
5876,09772,2010,240068.0
5877,09772,2011,237839.0
5878,09772,2012,239004.0
5879,09772,2013,240911.0
5880,09772,2014,242697.0
5881,09772,2015,245600.0
5882,09772,2016,247539.0
5883,09772,2017,249838.0
5884,09772,2018,251534.0
5885,09772,2019,253468.0
5886,09772,2020,255900.0
5887,09772,2021,257790.0
5888,09772,2022,261342.0
5889,09772,2023,263578.0
5890,09773,2005,95512.0
5891,09773,2006,95124.0
5892,09773,2007,94759.0
5893,09773,2008,94328.0
5894,09773,2009,94009.0
5895,09773,2010,93539.0
5896,09773,2011,93212.0
5897,09773,2012,93122.0
5898,09773,2013,93129.0
5899,09773,2014,93478.0
5900,09773,2015,94575.0
5901,09773,2016,94556.0
5902,09773,2017,95159.0
5903,09773,2018,96021.0
5904,09773,2019,96562.0
5905,09773,2020,97172.0
5906,09773,2021,97985.0
5907,09773,2022,99109.0
5908,09773,2023,100141.0
5909,09774,2005,122450.0
5910,09774,2006,121833.0
5911,09774,2007,121691.0
5912,09774,2008,121165.0
5913,09774,2009,120619.0
5914,09774,2010,120451.0
5915,09774,2011,120134.0
5916,09774,2012,120130.0
5917,09774,2013,120696.0
5918,09774,2014,121828.0
5919,09774,2015,123153.0
5920,09774,2016,123498.0
5921,09774,2017,124519.0
5922,09774,2018,125747.0
5923,09774,2019,127027.0
5924,09774,2020,127342.0
5925,09774,2021,128436.0
5926,09774,2022,130112.0
5927,09774,2023,131375.0
5928,09775,2005,163387.0
5929,09775,2006,163495.0
5930,09775,2007,164135.0
5931,09775,2008,164771.0
5932,09775,2009,165201.0
5933,09775,2010,165461.0
5934,09775,2011,164388.0
5935,09775,2012,165270.0
5936,09775,2013,166643.0
5937,09775,2014,167847.0
5938,09775,2015,170309.0
5939,09775,2016,171011.0
5940,09775,2017,172546.0
5941,09775,2018,174200.0
5942,09775,2019,175204.0
5943,09775,2020,175823.0
5944,09775,2021,177330.0
5945,09775,2022,180425.0
5946,09775,2023,182600.0
5947,09776,2005,79467.0
5948,09776,2006,79733.0
5949,09776,2007,80139.0
5950,09776,2008,80027.0
5951,09776,2009,79858.0
5952,09776,2010,79769.0
5953,09776,2011,78455.0
5954,09776,2012,78641.0
5955,09776,2013,78939.0
5956,09776,2014,79387.0
5957,09776,2015,80429.0
5958,09776,2016,80961.0
5959,09776,2017,81148.0
5960,09776,2018,81669.0
5961,09776,2019,81981.0
5962,09776,2020,82085.0
5963,09776,2021,82330.0
5964,09776,2022,83393.0
5965,09776,2023,83671.0
5966,09777,2005,134766.0
5967,09777,2006,134551.0
5968,09777,2007,134462.0
5969,09777,2008,134112.0
5970,09777,2009,134070.0
5971,09777,2010,133881.0
5972,09777,2011,133607.0
5973,09777,2012,134118.0
5974,09777,2013,134771.0
5975,09777,2014,135894.0
5976,09777,2015,137709.0
5977,09777,2016,138265.0
5978,09777,2017,139278.0
5979,09777,2018,140316.0
5980,09777,2019,141182.0
5981,09777,2020,141907.0
5982,09777,2021,143236.0
5983,09777,2022,145378.0
5984,09777,2023,146302.0
5985,09778,2005,135708.0
5986,09778,2006,135699.0
5987,09778,2007,135898.0
5988,09778,2008,135569.0
5989,09778,2009,135286.0
5990,09778,2010,135366.0
5991,09778,2011,135597.0
5992,09778,2012,136383.0
5993,09778,2013,137484.0
5994,09778,2014,138712.0
5995,09778,2015,140419.0
5996,09778,2016,141165.0
5997,09778,2017,142544.0
5998,09778,2018,144041.0
5999,09778,2019,145341.0
6000,09778,2020,146164.0
6001,09778,2021,147776.0
6002,09778,2022,150068.0
6003,09778,2023,151838.0
6004,09779,2005,130969.0
6005,09779,2006,130321.0
6006,09779,2007,130035.0
6007,09779,2008,129550.0
6008,09779,2009,129181.0
6009,09779,2010,128867.0
6010,09779,2011,128072.0
6011,09779,2012,128939.0
6012,09779,2013,129422.0
6013,09779,2014,130203.0
6014,09779,2015,131345.0
6015,09779,2016,132298.0
6016,09779,2017,133043.0
6017,09779,2018,133496.0
6018,09779,2019,133783.0
6019,09779,2020,134324.0
6020,09779,2021,134986.0
6021,09779,2022,137137.0
6022,09779,2023,137971.0
6023,09780,2005,150507.0
6024,09780,2006,150396.0
6025,09780,2007,150690.0
6026,09780,2008,150486.0
6027,09780,2009,150153.0
6028,09780,2010,149926.0
6029,09780,2011,148691.0
6030,09780,2012,149457.0
6031,09780,2013,150478.0
6032,09780,2014,150981.0
6033,09780,2015,152672.0
6034,09780,2016,153759.0
6035,09780,2017,154568.0
6036,09780,2018,155362.0
6037,09780,2019,156008.0
6038,09780,2020,156308.0
6039,09780,2021,157202.0
6040,09780,2022,158942.0
6041,09780,2023,159576.0
6042,10041,2005,341940.0
6043,10041,2006,339553.0
6044,10041,2007,336826.0
6045,10041,2008,335669.0
6046,10041,2009,333469.0
6047,10041,2010,332333.0
6048,10041,2011,326996.0
6049,10041,2012,326638.0
6050,10041,2013,325978.0
6051,10041,2014,325604.0
6052,10041,2015,327380.0
6053,10041,2016,329593.0
6054,10041,2017,330150.0
6055,10041,2018,329708.0
6056,10041,2019,328714.0
6057,10041,2020,327502.0
6058,10041,2021,327284.0
6059,10041,2022,330848.0
6060,10041,2023,332427.0
6061,10042,2005,106282.0
6062,10042,2006,105996.0
6063,10042,2007,106001.0
6064,10042,2008,105782.0
6065,10042,2009,105241.0
6066,10042,2010,104843.0
6067,10042,2011,103639.0
6068,10042,2012,103520.0
6069,10042,2013,103135.0
6070,10042,2014,102987.0
6071,10042,2015,103997.0
6072,10042,2016,103908.0
6073,10042,2017,103656.0
6074,10042,2018,103366.0
6075,10042,2019,103243.0
6076,10042,2020,103471.0
6077,10042,2021,103426.0
6078,10042,2022,104425.0
6079,10042,2023,104327.0
6080,10043,2005,143645.0
6081,10043,2006,142478.0
6082,10043,2007,141426.0
6083,10043,2008,139948.0
6084,10043,2009,138586.0
6085,10043,2010,137247.0
6086,10043,2011,134957.0
6087,10043,2012,134099.0
6088,10043,2013,133222.0
6089,10043,2014,133021.0
6090,10043,2015,133735.0
6091,10043,2016,133984.0
6092,10043,2017,133297.0
6093,10043,2018,132206.0
6094,10043,2019,131408.0
6095,10043,2020,131172.0
6096,10043,2021,130847.0
6097,10043,2022,132283.0
6098,10043,2023,132393.0
6099,10044,2005,210343.0
6100,10044,2006,208962.0
6101,10044,2007,207723.0
6102,10044,2008,206215.0
6103,10044,2009,204448.0
6104,10044,2010,203308.0
6105,10044,2011,197452.0
6106,10044,2012,196611.0
6107,10044,2013,195976.0
6108,10044,2014,195632.0
6109,10044,2015,197009.0
6110,10044,2016,196609.0
6111,10044,2017,195815.0
6112,10044,2018,195201.0
6113,10044,2019,194319.0
6114,10044,2020,193732.0
6115,10044,2021,193661.0
6116,10044,2022,195749.0
6117,10044,2023,195945.0
6118,10045,2005,153997.0
6119,10045,2006,152888.0
6120,10045,2007,151859.0
6121,10045,2008,150785.0
6122,10045,2009,149680.0
6123,10045,2010,149240.0
6124,10045,2011,145099.0
6125,10045,2012,144291.0
6126,10045,2013,143851.0
6127,10045,2014,143532.0
6128,10045,2015,144584.0
6129,10045,2016,144100.0
6130,10045,2017,143402.0
6131,10045,2018,142631.0
6132,10045,2019,142196.0
6133,10045,2020,141656.0
6134,10045,2021,140960.0
6135,10045,2022,142419.0
6136,10045,2023,142344.0
6137,10046,2005,94086.0
6138,10046,2006,93290.0
6139,10046,2007,92763.0
6140,10046,2008,91925.0
6141,10046,2009,91161.0
6142,10046,2010,90596.0
6143,10046,2011,89712.0
6144,10046,2012,89128.0
6145,10046,2013,88556.0
6146,10046,2014,88259.0
6147,10046,2015,88892.0
6148,10046,2016,88457.0
6149,10046,2017,87867.0
6150,10046,2018,87397.0
6151,10046,2019,87007.0
6152,10046,2020,86458.0
6153,10046,2021,86170.0
6154,10046,2022,86942.0
6155,10046,2023,86988.0
6156,11000,2005,3395189.0
6157,11000,2006,3404037.0
6158,11000,2007,3416255.0
6159,11000,2008,3431675.0
6160,11000,2009,3442675.0
6161,11000,2010,3460725.0
6162,11000,2011,3326002.0
6163,11000,2012,3375222.0
6164,11000,2013,3421829.0
6165,11000,2014,3469849.0
6166,11000,2015,3520031.0
6167,11000,2016,3574830.0
6168,11000,2017,3613495.0
6169,11000,2018,3644826.0
6170,11000,2019,3669491.0
6171,11000,2020,3664088.0
6172,11000,2021,3677472.0
6173,11000,2022,3755251.0
6174,11000,2023,3782202.0
6175,12051,2005,74129.0
6176,12051,2006,73475.0
6177,12051,2007,72954.0
6178,12051,2008,72516.0
6179,12051,2009,72264.0
6180,12051,2010,71778.0
6181,12051,2011,71381.0
6182,12051,2012,71149.0
6183,12051,2013,71032.0
6184,12051,2014,71032.0
6185,12051,2015,71574.0
6186,12051,2016,71664.0
6187,12051,2017,71886.0
6188,12051,2018,72124.0
6189,12051,2019,72184.0
6190,12051,2020,72040.0
6191,12051,2021,72461.0
6192,12051,2022,73609.0
6193,12051,2023,73921.0
6194,12052,2005,105309.0
6195,12052,2006,103837.0
6196,12052,2007,102811.0
6197,12052,2008,101785.0
6198,12052,2009,101671.0
6199,12052,2010,102091.0
6200,12052,2011,99974.0
6201,12052,2012,99913.0
6202,12052,2013,99595.0
6203,12052,2014,99491.0
6204,12052,2015,99687.0
6205,12052,2016,100416.0
6206,12052,2017,101036.0
6207,12052,2018,100219.0
6208,12052,2019,99678.0
6209,12052,2020,98693.0
6210,12052,2021,98359.0
6211,12052,2022,99515.0
6212,12052,2023,100010.0
6213,12053,2005,63748.0
6214,12053,2006,62594.0
6215,12053,2007,61969.0
6216,12053,2008,61286.0
6217,12053,2009,60625.0
6218,12053,2010,60330.0
6219,12053,2011,59063.0
6220,12053,2012,58537.0
6221,12053,2013,58018.0
6222,12053,2014,57649.0
6223,12053,2015,58092.0
6224,12053,2016,58193.0
6225,12053,2017,58237.0
6226,12053,2018,57873.0
6227,12053,2019,57751.0
6228,12053,2020,57015.0
6229,12053,2021,56679.0
6230,12053,2022,58230.0
6231,12053,2023,58818.0
6232,12054,2005,147583.0
6233,12054,2006,148813.0
6234,12054,2007,150833.0
6235,12054,2008,152966.0
6236,12054,2009,154606.0
6237,12054,2010,156906.0
6238,12054,2011,157603.0
6239,12054,2012,159456.0
6240,12054,2013,161468.0
6241,12054,2014,164042.0
6242,12054,2015,167745.0
6243,12054,2016,171810.0
6244,12054,2017,175710.0
6245,12054,2018,178089.0
6246,12054,2019,180334.0
6247,12054,2020,182112.0
6248,12054,2021,183154.0
6249,12054,2022,185750.0
6250,12054,2023,187119.0
6251,12060,2005,175898.0
6252,12060,2006,176612.0
6253,12060,2007,176821.0
6254,12060,2008,176888.0
6255,12060,2009,176904.0
6256,12060,2010,176848.0
6257,12060,2011,172572.0
6258,12060,2012,173193.0
6259,12060,2013,173754.0
6260,12060,2014,174981.0
6261,12060,2015,177411.0
6262,12060,2016,179365.0
6263,12060,2017,180864.0
6264,12060,2018,182760.0
6265,12060,2019,185244.0
6266,12060,2020,187343.0
6267,12060,2021,188835.0
6268,12060,2022,191849.0
6269,12060,2023,193050.0
6270,12061,2005,161937.0
6271,12061,2006,161756.0
6272,12061,2007,161699.0
6273,12061,2008,161482.0
6274,12061,2009,161708.0
6275,12061,2010,161805.0
6276,12061,2011,160108.0
6277,12061,2012,160314.0
6278,12061,2013,160793.0
6279,12061,2014,161952.0
6280,12061,2015,164528.0
6281,12061,2016,166074.0
6282,12061,2017,167319.0
6283,12061,2018,169067.0
6284,12061,2019,170791.0
6285,12061,2020,173316.0
6286,12061,2021,175834.0
6287,12061,2022,178967.0
6288,12061,2023,180242.0
6289,12062,2005,122031.0
6290,12062,2006,119773.0
6291,12062,2007,117522.0
6292,12062,2008,115560.0
6293,12062,2009,113586.0
6294,12062,2010,111975.0
6295,12062,2011,109087.0
6296,12062,2012,107649.0
6297,12062,2013,106157.0
6298,12062,2014,104997.0
6299,12062,2015,104673.0
6300,12062,2016,104397.0
6301,12062,2017,103455.0
6302,12062,2018,102638.0
6303,12062,2019,101827.0
6304,12062,2020,101085.0
6305,12062,2021,100317.0
6306,12062,2022,100902.0
6307,12062,2023,99931.0
6308,12063,2005,155019.0
6309,12063,2006,155408.0
6310,12063,2007,155359.0
6311,12063,2008,155141.0
6312,12063,2009,154984.0
6313,12063,2010,154891.0
6314,12063,2011,152915.0
6315,12063,2012,153294.0
6316,12063,2013,153874.0
6317,12063,2014,155408.0
6318,12063,2015,158236.0
6319,12063,2016,159685.0
6320,12063,2017,160710.0
6321,12063,2018,161909.0
6322,12063,2019,162996.0
6323,12063,2020,164693.0
6324,12063,2021,165906.0
6325,12063,2022,169334.0
6326,12063,2023,170556.0
6327,12064,2005,192917.0
6328,12064,2006,192782.0
6329,12064,2007,192408.0
6330,12064,2008,191997.0
6331,12064,2009,191067.0
6332,12064,2010,190502.0
6333,12064,2011,187085.0
6334,12064,2012,186925.0
6335,12064,2013,187668.0
6336,12064,2014,188422.0
6337,12064,2015,190714.0
6338,12064,2016,191685.0
6339,12064,2017,192921.0
6340,12064,2018,194328.0
6341,12064,2019,195751.0
6342,12064,2020,197195.0
6343,12064,2021,197965.0
6344,12064,2022,200292.0
6345,12064,2023,201111.0
6346,12065,2005,200184.0
6347,12065,2006,201289.0
6348,12065,2007,201945.0
6349,12065,2008,202231.0
6350,12065,2009,202776.0
6351,12065,2010,203124.0
6352,12065,2011,201199.0
6353,12065,2012,202162.0
6354,12065,2013,203012.0
6355,12065,2014,204898.0
6356,12065,2015,207524.0
6357,12065,2016,208639.0
6358,12065,2017,209893.0
6359,12065,2018,211249.0
6360,12065,2019,212914.0
6361,12065,2020,214234.0
6362,12065,2021,215795.0
6363,12065,2022,218551.0
6364,12065,2023,218855.0
6365,12066,2005,132032.0
6366,12066,2006,129581.0
6367,12066,2007,127278.0
6368,12066,2008,125216.0
6369,12066,2009,123426.0
6370,12066,2010,121679.0
6371,12066,2011,116898.0
6372,12066,2012,115212.0
6373,12066,2013,113842.0
6374,12066,2014,112896.0
6375,12066,2015,112450.0
6376,12066,2016,111962.0
6377,12066,2017,111122.0
6378,12066,2018,110476.0
6379,12066,2019,109371.0
6380,12066,2020,108396.0
6381,12066,2021,107558.0
6382,12066,2022,108263.0
6383,12066,2023,107547.0
6384,12067,2005,190728.0
6385,12067,2006,189185.0
6386,12067,2007,188035.0
6387,12067,2008,186542.0
6388,12067,2009,185062.0
6389,12067,2010,183859.0
6390,12067,2011,177764.0
6391,12067,2012,177047.0
6392,12067,2013,176850.0
6393,12067,2014,177823.0
6394,12067,2015,182397.0
6395,12067,2016,178849.0
6396,12067,2017,178347.0
6397,12067,2018,178658.0
6398,12067,2019,178803.0
6399,12067,2020,179276.0
6400,12067,2021,179245.0
6401,12067,2022,182401.0
6402,12067,2023,182960.0
6403,12068,2005,108027.0
6404,12068,2006,106830.0
6405,12068,2007,105812.0
6406,12068,2008,104786.0
6407,12068,2009,103734.0
6408,12068,2010,102868.0
6409,12068,2011,99753.0
6410,12068,2012,99125.0
6411,12068,2013,98944.0
6412,12068,2014,98886.0
6413,12068,2015,99110.0
6414,12068,2016,99414.0
6415,12068,2017,99368.0
6416,12068,2018,99078.0
6417,12068,2019,98861.0
6418,12068,2020,98808.0
6419,12068,2021,98829.0
6420,12068,2022,99871.0
6421,12068,2023,99929.0
6422,12069,2005,203477.0
6423,12069,2006,204007.0
6424,12069,2007,204510.0
6425,12069,2008,204277.0
6426,12069,2009,204594.0
6427,12069,2010,205070.0
6428,12069,2011,203391.0
6429,12069,2012,204388.0
6430,12069,2013,205520.0
6431,12069,2014,207498.0
6432,12069,2015,210910.0
6433,12069,2016,212207.0
6434,12069,2017,213214.0
6435,12069,2018,214664.0
6436,12069,2019,216566.0
6437,12069,2020,217954.0
6438,12069,2021,219521.0
6439,12069,2022,222570.0
6440,12069,2023,223531.0
6441,12070,2005,88340.0
6442,12070,2006,87221.0
6443,12070,2007,85705.0
6444,12070,2008,84284.0
6445,12070,2009,83086.0
6446,12070,2010,82023.0
6447,12070,2011,79574.0
6448,12070,2012,78799.0
6449,12070,2013,77993.0
6450,12070,2014,77550.0
6451,12070,2015,77573.0
6452,12070,2016,77813.0
6453,12070,2017,77263.0
6454,12070,2018,76508.0
6455,12070,2019,76158.0
6456,12070,2020,76096.0
6457,12070,2021,75574.0
6458,12070,2022,76045.0
6459,12070,2023,75836.0
6460,12071,2005,136896.0
6461,12071,2006,135017.0
6462,12071,2007,132798.0
6463,12071,2008,130626.0
6464,12071,2009,128470.0
6465,12071,2010,126400.0
6466,12071,2011,121571.0
6467,12071,2012,120178.0
6468,12071,2013,118899.0
6469,12071,2014,118030.0
6470,12071,2015,117635.0
6471,12071,2016,116826.0
6472,12071,2017,115456.0
6473,12071,2018,114429.0
6474,12071,2019,113720.0
6475,12071,2020,113011.0
6476,12071,2021,111955.0
6477,12071,2022,112493.0
6478,12071,2023,111966.0
6479,12072,2005,161902.0
6480,12072,2006,162383.0
6481,12072,2007,162320.0
6482,12072,2008,162073.0
6483,12072,2009,161847.0
6484,12072,2010,161386.0
6485,12072,2011,159511.0
6486,12072,2012,159686.0
6487,12072,2013,160448.0
6488,12072,2014,161488.0
6489,12072,2015,163553.0
6490,12072,2016,164771.0
6491,12072,2017,166890.0
6492,12072,2018,168296.0
6493,12072,2019,169997.0
6494,12072,2020,171554.0
6495,12072,2021,172545.0
6496,12072,2022,176648.0
6497,12072,2023,178482.0
6498,12073,2005,139326.0
6499,12073,2006,137209.0
6500,12073,2007,134958.0
6501,12073,2008,132837.0
6502,12073,2009,131115.0
6503,12073,2010,129738.0
6504,12073,2011,123731.0
6505,12073,2012,122484.0
6506,12073,2013,121326.0
6507,12073,2014,120829.0
6508,12073,2015,121014.0
6509,12073,2016,120878.0
6510,12073,2017,120349.0
6511,12073,2018,119552.0
6512,12073,2019,118947.0
6513,12073,2020,118250.0
6514,12073,2021,117336.0
6515,12073,2022,117845.0
6516,12073,2023,117803.0
6517,13003,2005,199288.0
6518,13003,2006,199868.0
6519,13003,2007,200413.0
6520,13003,2008,201096.0
6521,13003,2009,201442.0
6522,13003,2010,202735.0
6523,13003,2011,201813.0
6524,13003,2012,202887.0
6525,13003,2013,203431.0
6526,13003,2014,204167.0
6527,13003,2015,206011.0
6528,13003,2016,207513.0
6529,13003,2017,208409.0
6530,13003,2018,208886.0
6531,13003,2019,209191.0
6532,13003,2020,209061.0
6533,13003,2021,208400.0
6534,13003,2022,209920.0
6535,13003,2023,210795.0
6536,13004,2005,96656.0
6537,13004,2006,96280.0
6538,13004,2007,95855.0
6539,13004,2008,95551.0
6540,13004,2009,95041.0
6541,13004,2010,95220.0
6542,13004,2011,91327.0
6543,13004,2012,91264.0
6544,13004,2013,91583.0
6545,13004,2014,92138.0
6546,13004,2015,96800.0
6547,13004,2016,95668.0
6548,13004,2017,95797.0
6549,13004,2018,95818.0
6550,13004,2019,95653.0
6551,13004,2020,95609.0
6552,13004,2021,95740.0
6553,13004,2022,98596.0
6554,13004,2023,98733.0
6555,13071,2005,219183.0
6556,13071,2006,216884.0
6557,13071,2007,214162.0
6558,13071,2008,211357.0
6559,13071,2009,208909.0
6560,13071,2010,207406.0
6561,13071,2011,266593.0
6562,13071,2012,264261.0
6563,13071,2013,262412.0
6564,13071,2014,261733.0
6565,13071,2015,262517.0
6566,13071,2016,261816.0
6567,13071,2017,260574.0
6568,13071,2018,259130.0
6569,13071,2019,258074.0
6570,13071,2020,258057.0
6571,13071,2021,257525.0
6572,13071,2022,259568.0
6573,13071,2023,259312.0
6574,13072,2005,225616.0
6575,13072,2006,223780.0
6576,13072,2007,221439.0
6577,13072,2008,219253.0
6578,13072,2009,217373.0
6579,13072,2010,216189.0
6580,13072,2011,211863.0
6581,13072,2012,210732.0
6582,13072,2013,210555.0
6583,13072,2014,211878.0
6584,13072,2015,213473.0
6585,13072,2016,213945.0
6586,13072,2017,214635.0
6587,13072,2018,215113.0
6588,13072,2019,215794.0
6589,13072,2020,217072.0
6590,13072,2021,217796.0
6591,13072,2022,220807.0
6592,13072,2023,221431.0
6593,13073,2005,242179.0
6594,13073,2006,239653.0
6595,13073,2007,237191.0
6596,13073,2008,234701.0
6597,13073,2009,232568.0
6598,13073,2010,230743.0
6599,13073,2011,224751.0
6600,13073,2012,223718.0
6601,13073,2013,223109.0
6602,13073,2014,223470.0
6603,13073,2015,224820.0
6604,13073,2016,224971.0
6605,13073,2017,225123.0
6606,13073,2018,224684.0
6607,13073,2019,224702.0
6608,13073,2020,225383.0
6609,13073,2021,225900.0
6610,13073,2022,227683.0
6611,13073,2023,227746.0
6612,13074,2005,165704.0
6613,13074,2006,164544.0
6614,13074,2007,163689.0
6615,13074,2008,162514.0
6616,13074,2009,161503.0
6617,13074,2010,160423.0
6618,13074,2011,156004.0
6619,13074,2012,155801.0
6620,13074,2013,155265.0
6621,13074,2014,155424.0
6622,13074,2015,156270.0
6623,13074,2016,156825.0
6624,13074,2017,156993.0
6625,13074,2018,156729.0
6626,13074,2019,157322.0
6627,13074,2020,157975.0
6628,13074,2021,158449.0
6629,13074,2022,160288.0
6630,13074,2023,160206.0
6631,13075,2005,327478.0
6632,13075,2006,324156.0
6633,13075,2007,320875.0
6634,13075,2008,316988.0
6635,13075,2009,313956.0
6636,13075,2010,311249.0
6637,13075,2011,240971.0
6638,13075,2012,239291.0
6639,13075,2013,238185.0
6640,13075,2014,237697.0
6641,13075,2015,238358.0
6642,13075,2016,237374.0
6643,13075,2017,237066.0
6644,13075,2018,236697.0
6645,13075,2019,235623.0
6646,13075,2020,235773.0
6647,13075,2021,235451.0
6648,13075,2022,237355.0
6649,13075,2023,237184.0
6650,13076,2005,231162.0
6651,13076,2006,228589.0
6652,13076,2007,226058.0
6653,13076,2008,222896.0
6654,13076,2009,220424.0
6655,13076,2010,218362.0
6656,13076,2011,213577.0
6657,13076,2012,212373.0
6658,13076,2013,211965.0
6659,13076,2014,212631.0
6660,13076,2015,214113.0
6661,13076,2016,212562.0
6662,13076,2017,212522.0
6663,13076,2018,212618.0
6664,13076,2019,211779.0
6665,13076,2020,211844.0
6666,13076,2021,211899.0
6667,13076,2022,214161.0
6668,13076,2023,214057.0
6669,14511,2005,246587.0
6670,14511,2006,245700.0
6671,14511,2007,244951.0
6672,14511,2008,243880.0
6673,14511,2009,243089.0
6674,14511,2010,243248.0
6675,14511,2011,240543.0
6676,14511,2012,241210.0
6677,14511,2013,242022.0
6678,14511,2014,243521.0
6679,14511,2015,248645.0
6680,14511,2016,246353.0
6681,14511,2017,246855.0
6682,14511,2018,247237.0
6683,14511,2019,246334.0
6684,14511,2020,244401.0
6685,14511,2021,243105.0
6686,14511,2022,248563.0
6687,14511,2023,250681.0
6688,14521,2005,393225.0
6689,14521,2006,387918.0
6690,14521,2007,382571.0
6691,14521,2008,377245.0
6692,14521,2009,372390.0
6693,14521,2010,368167.0
6694,14521,2011,359103.0
6695,14521,2012,355275.0
6696,14521,2013,351309.0
6697,14521,2014,349582.0
6698,14521,2015,347665.0
6699,14521,2016,344136.0
6700,14521,2017,340373.0
6701,14521,2018,337696.0
6702,14521,2019,334948.0
6703,14521,2020,331917.0
6704,14521,2021,328695.0
6705,14521,2022,328850.0
6706,14521,2023,326896.0
6707,14522,2005,348725.0
6708,14522,2006,344457.0
6709,14522,2007,340115.0
6710,14522,2008,335797.0
6711,14522,2009,332236.0
6712,14522,2010,328342.0
6713,14522,2011,320062.0
6714,14522,2012,317204.0
6715,14522,2013,314591.0
6716,14522,2014,312711.0
6717,14522,2015,312450.0
6718,14522,2016,310505.0
6719,14522,2017,308153.0
6720,14522,2018,306185.0
6721,14522,2019,304099.0
6722,14522,2020,301474.0
6723,14522,2021,299329.0
6724,14522,2022,300639.0
6725,14522,2023,300308.0
6726,14523,2005,260210.0
6727,14523,2006,256998.0
6728,14523,2007,253672.0
6729,14523,2008,250246.0
6730,14523,2009,247196.0
6731,14523,2010,244402.0
6732,14523,2011,238443.0
6733,14523,2012,236227.0
6734,14523,2013,233970.0
6735,14523,2014,232390.0
6736,14523,2015,232318.0
6737,14523,2016,231051.0
6738,14523,2017,229584.0
6739,14523,2018,227796.0
6740,14523,2019,225997.0
6741,14523,2020,223905.0
6742,14523,2021,221376.0
6743,14523,2022,222666.0
6744,14523,2023,221953.0
6745,14524,2005,361001.0
6746,14524,2006,356992.0
6747,14524,2007,352947.0
6748,14524,2008,348834.0
6749,14524,2009,345118.0
6750,14524,2010,341932.0
6751,14524,2011,333291.0
6752,14524,2012,330294.0
6753,14524,2013,327062.0
6754,14524,2014,325137.0
6755,14524,2015,324534.0
6756,14524,2016,322099.0
6757,14524,2017,319988.0
6758,14524,2018,317531.0
6759,14524,2019,315002.0
6760,14524,2020,312033.0
6761,14524,2021,309621.0
6762,14524,2022,310838.0
6763,14524,2023,310111.0
6764,14612,2005,495181.0
6765,14612,2006,504795.0
6766,14612,2007,507513.0
6767,14612,2008,512234.0
6768,14612,2009,517052.0
6769,14612,2010,523058.0
6770,14612,2011,517765.0
6771,14612,2012,525105.0
6772,14612,2013,530754.0
6773,14612,2014,536308.0
6774,14612,2015,543825.0
6775,14612,2016,547172.0
6776,14612,2017,551072.0
6777,14612,2018,554649.0
6778,14612,2019,556780.0
6779,14612,2020,556227.0
6780,14612,2021,555351.0
6781,14612,2022,563311.0
6782,14612,2023,566222.0
6783,14625,2005,342712.0
6784,14625,2006,338056.0
6785,14625,2007,333470.0
6786,14625,2008,328990.0
6787,14625,2009,325032.0
6788,14625,2010,321511.0
6789,14625,2011,313618.0
6790,14625,2012,310898.0
6791,14625,2013,308350.0
6792,14625,2014,306570.0
6793,14625,2015,306273.0
6794,14625,2016,304691.0
6795,14625,2017,302634.0
6796,14625,2018,300880.0
6797,14625,2019,299758.0
6798,14625,2020,298010.0
6799,14625,2021,296290.0
6800,14625,2022,297711.0
6801,14625,2023,296506.0
6802,14626,2005,297785.0
6803,14626,2006,292843.0
6804,14626,2007,288735.0
6805,14626,2008,284790.0
6806,14626,2009,281076.0
6807,14626,2010,276924.0
6808,14626,2011,267815.0
6809,14626,2012,264673.0
6810,14626,2013,262168.0
6811,14626,2014,260188.0
6812,14626,2015,260000.0
6813,14626,2016,258337.0
6814,14626,2017,256587.0
6815,14626,2018,254894.0
6816,14626,2019,252725.0
6817,14626,2020,250558.0
6818,14626,2021,248273.0
6819,14626,2022,249681.0
6820,14626,2023,248479.0
6821,14627,2005,264722.0
6822,14627,2006,261695.0
6823,14627,2007,259343.0
6824,14627,2008,256638.0
6825,14627,2009,254483.0
6826,14627,2010,253069.0
6827,14627,2011,246237.0
6828,14627,2012,244717.0
6829,14627,2013,243716.0
6830,14627,2014,243745.0
6831,14627,2015,245244.0
6832,14627,2016,243889.0
6833,14627,2017,242862.0
6834,14627,2018,242165.0
6835,14627,2019,241717.0
6836,14627,2020,240371.0
6837,14627,2021,239344.0
6838,14627,2022,241343.0
6839,14627,2023,241160.0
6840,14628,2005,262082.0
6841,14628,2006,259725.0
6842,14628,2007,257655.0
6843,14628,2008,255459.0
6844,14628,2009,253843.0
6845,14628,2010,252308.0
6846,14628,2011,246275.0
6847,14628,2012,245927.0
6848,14628,2013,245939.0
6849,14628,2014,245954.0
6850,14628,2015,247412.0
6851,14628,2016,246066.0
6852,14628,2017,245418.0
6853,14628,2018,245611.0
6854,14628,2019,245586.0
6855,14628,2020,244722.0
6856,14628,2021,244009.0
6857,14628,2022,246204.0
6858,14628,2023,246011.0
6859,14713,2005,502651.0
6860,14713,2006,506578.0
6861,14713,2007,510512.0
6862,14713,2008,515469.0
6863,14713,2009,518862.0
6864,14713,2010,522883.0
6865,14713,2011,510043.0
6866,14713,2012,520838.0
6867,14713,2013,531562.0
6868,14713,2014,544479.0
6869,14713,2015,560472.0
6870,14713,2016,571088.0
6871,14713,2017,581980.0
6872,14713,2018,587857.0
6873,14713,2019,593145.0
6874,14713,2020,597493.0
6875,14713,2021,601866.0
6876,14713,2022,616093.0
6877,14713,2023,619879.0
6878,14729,2005,279458.0
6879,14729,2006,277113.0
6880,14729,2007,274532.0
6881,14729,2008,271863.0
6882,14729,2009,269694.0
6883,14729,2010,267410.0
6884,14729,2011,260925.0
6885,14729,2012,259207.0
6886,14729,2013,257596.0
6887,14729,2014,257647.0
6888,14729,2015,258408.0
6889,14729,2016,258333.0
6890,14729,2017,258008.0
6891,14729,2018,257763.0
6892,14729,2019,258139.0
6893,14729,2020,258386.0
6894,14729,2021,258214.0
6895,14729,2022,260429.0
6896,14729,2023,261573.0
6897,14730,2005,219415.0
6898,14730,2006,216904.0
6899,14730,2007,214184.0
6900,14730,2008,211356.0
6901,14730,2009,208661.0
6902,14730,2010,206223.0
6903,14730,2011,200062.0
6904,14730,2012,198629.0
6905,14730,2013,197346.0
6906,14730,2014,197042.0
6907,14730,2015,197605.0
6908,14730,2016,198063.0
6909,14730,2017,197794.0
6910,14730,2018,197673.0
6911,14730,2019,197741.0
6912,14730,2020,197444.0
6913,14730,2021,197529.0
6914,14730,2022,199824.0
6915,14730,2023,199688.0
6916,15001,2005,78360.0
6917,15001,2006,77394.0
6918,15001,2007,89934.0
6919,15001,2008,88693.0
6920,15001,2009,87764.0
6921,15001,2010,86906.0
6922,15001,2011,85488.0
6923,15001,2012,84606.0
6924,15001,2013,83616.0
6925,15001,2014,83061.0
6926,15001,2015,82919.0
6927,15001,2016,82505.0
6928,15001,2017,82111.0
6929,15001,2018,81237.0
6930,15001,2019,80103.0
6931,15001,2020,79354.0
6932,15001,2021,78731.0
6933,15001,2022,79655.0
6934,15001,2023,79686.0
6935,15002,2005,237198.0
6936,15002,2006,235720.0
6937,15002,2007,234295.0
6938,15002,2008,233013.0
6939,15002,2009,232323.0
6940,15002,2010,232963.0
6941,15002,2011,230494.0
6942,15002,2012,231440.0
6943,15002,2013,231565.0
6944,15002,2014,232470.0
6945,15002,2015,236991.0
6946,15002,2016,238005.0
6947,15002,2017,239173.0
6948,15002,2018,239257.0
6949,15002,2019,238762.0
6950,15002,2020,237865.0
6951,15002,2021,238061.0
6952,15002,2022,242083.0
6953,15002,2023,242172.0
6954,15003,2005,229126.0
6955,15003,2006,229826.0
6956,15003,2007,230140.0
6957,15003,2008,230047.0
6958,15003,2009,230456.0
6959,15003,2010,231525.0
6960,15003,2011,228910.0
6961,15003,2012,229924.0
6962,15003,2013,231021.0
6963,15003,2014,232306.0
6964,15003,2015,235723.0
6965,15003,2016,238136.0
6966,15003,2017,238478.0
6967,15003,2018,238697.0
6968,15003,2019,237565.0
6969,15003,2020,235775.0
6970,15003,2021,236188.0
6971,15003,2022,239364.0
6972,15003,2023,240114.0
6973,15081,2005,96040.0
6974,15081,2006,94545.0
6975,15081,2007,93323.0
6976,15081,2008,91922.0
6977,15081,2009,90471.0
6978,15081,2010,89512.0
6979,15081,2011,87624.0
6980,15081,2012,86878.0
6981,15081,2013,86312.0
6982,15081,2014,86071.0
6983,15081,2015,86164.0
6984,15081,2016,85236.0
6985,15081,2017,84457.0
6986,15081,2018,83765.0
6987,15081,2019,83173.0
6988,15081,2020,82687.0
6989,15081,2021,81986.0
6990,15081,2022,82457.0
6991,15081,2023,81851.0
6992,15082,2005,234495.0
6993,15082,2006,231046.0
6994,15082,2007,184877.0
6995,15082,2008,182023.0
6996,15082,2009,179263.0
6997,15082,2010,176642.0
6998,15082,2011,170827.0
6999,15082,2012,168475.0
7000,15082,2013,166828.0
7001,15082,2014,165076.0
7002,15082,2015,164817.0
7003,15082,2016,163100.0
7004,15082,2017,161264.0
7005,15082,2018,159854.0
7006,15082,2019,158486.0
7007,15082,2020,157217.0
7008,15082,2021,155900.0
7009,15082,2022,157235.0
7010,15082,2023,156642.0
7011,15083,2005,190080.0
7012,15083,2006,187833.0
7013,15083,2007,185457.0
7014,15083,2008,182866.0
7015,15083,2009,180702.0
7016,15083,2010,178880.0
7017,15083,2011,175198.0
7018,15083,2012,174001.0
7019,15083,2013,172955.0
7020,15083,2014,172829.0
7021,15083,2015,173473.0
7022,15083,2016,172959.0
7023,15083,2017,172619.0
7024,15083,2018,171734.0
7025,15083,2019,170923.0
7026,15083,2020,170567.0
7027,15083,2021,170106.0
7028,15083,2022,171393.0
7029,15083,2023,170984.0
7030,15084,2005,207727.0
7031,15084,2006,205097.0
7032,15084,2007,201932.0
7033,15084,2008,199186.0
7034,15084,2009,196422.0
7035,15084,2010,194195.0
7036,15084,2011,188149.0
7037,15084,2012,186081.0
7038,15084,2013,184956.0
7039,15084,2014,184055.0
7040,15084,2015,184081.0
7041,15084,2016,183174.0
7042,15084,2017,181968.0
7043,15084,2018,180190.0
7044,15084,2019,178846.0
7045,15084,2020,177590.0
7046,15084,2021,176333.0
7047,15084,2022,177212.0
7048,15084,2023,177174.0
7049,15085,2005,241135.0
7050,15085,2006,238061.0
7051,15085,2007,241017.0
7052,15085,2008,237653.0
7053,15085,2009,234690.0
7054,15085,2010,232343.0
7055,15085,2011,225191.0
7056,15085,2012,223094.0
7057,15085,2013,221043.0
7058,15085,2014,219618.0
7059,15085,2015,221366.0
7060,15085,2016,219643.0
7061,15085,2017,216299.0
7062,15085,2018,214446.0
7063,15085,2019,213310.0
7064,15085,2020,210975.0
7065,15085,2021,209117.0
7066,15085,2022,210381.0
7067,15085,2023,208804.0
7068,15086,2005,97159.0
7069,15086,2006,95922.0
7070,15086,2007,99693.0
7071,15086,2008,98122.0
7072,15086,2009,97355.0
7073,15086,2010,96251.0
7074,15086,2011,93242.0
7075,15086,2012,92367.0
7076,15086,2013,91721.0
7077,15086,2014,91359.0
7078,15086,2015,91693.0
7079,15086,2016,91345.0
7080,15086,2017,90465.0
7081,15086,2018,89928.0
7082,15086,2019,89589.0
7083,15086,2020,89403.0
7084,15086,2021,89118.0
7085,15086,2022,90256.0
7086,15086,2023,89914.0
7087,15087,2005,163620.0
7088,15087,2006,160984.0
7089,15087,2007,158223.0
7090,15087,2008,155255.0
7091,15087,2009,152523.0
7092,15087,2010,150295.0
7093,15087,2011,146659.0
7094,15087,2012,144735.0
7095,15087,2013,143246.0
7096,15087,2014,142054.0
7097,15087,2015,141408.0
7098,15087,2016,139781.0
7099,15087,2017,138013.0
7100,15087,2018,136249.0
7101,15087,2019,134942.0
7102,15087,2020,133690.0
7103,15087,2021,132317.0
7104,15087,2022,132034.0
7105,15087,2023,131071.0
7106,15088,2005,208094.0
7107,15088,2006,206146.0
7108,15088,2007,203989.0
7109,15088,2008,201273.0
7110,15088,2009,199025.0
7111,15088,2010,196946.0
7112,15088,2011,190747.0
7113,15088,2012,189217.0
7114,15088,2013,187690.0
7115,15088,2014,186510.0
7116,15088,2015,186431.0
7117,15088,2016,185951.0
7118,15088,2017,185494.0
7119,15088,2018,184582.0
7120,15088,2019,183815.0
7121,15088,2020,183434.0
7122,15088,2021,182814.0
7123,15088,2022,183974.0
7124,15088,2023,184255.0
7125,15089,2005,232948.0
7126,15089,2006,228914.0
7127,15089,2007,219222.0
7128,15089,2008,215591.0
7129,15089,2009,212605.0
7130,15089,2010,209579.0
7131,15089,2011,203785.0
7132,15089,2012,201210.0
7133,15089,2013,198715.0
7134,15089,2014,196750.0
7135,15089,2015,196695.0
7136,15089,2016,194575.0
7137,15089,2017,192739.0
7138,15089,2018,190560.0
7139,15089,2019,189125.0
7140,15089,2020,187457.0
7141,15089,2021,185495.0
7142,15089,2022,186420.0
7143,15089,2023,184943.0
7144,15090,2005,131267.0
7145,15090,2006,129481.0
7146,15090,2007,127464.0
7147,15090,2008,125429.0
7148,15090,2009,123674.0
7149,15090,2010,121899.0
7150,15090,2011,118268.0
7151,15090,2012,116666.0
7152,15090,2013,115471.0
7153,15090,2014,114668.0
7154,15090,2015,115262.0
7155,15090,2016,114393.0
7156,15090,2017,113186.0
7157,15090,2018,111982.0
7158,15090,2019,111190.0
7159,15090,2020,110485.0
7160,15090,2021,109746.0
7161,15090,2022,110291.0
7162,15090,2023,109592.0
7163,15091,2005,122467.0
7164,15091,2006,120818.0
7165,15091,2007,142906.0
7166,15091,2008,140799.0
7167,15091,2009,138946.0
7168,15091,2010,137070.0
7169,15091,2011,132154.0
7170,15091,2012,130699.0
7171,15091,2013,129438.0
7172,15091,2014,128721.0
7173,15091,2015,128447.0
7174,15091,2016,127449.0
7175,15091,2017,126815.0
7176,15091,2018,125840.0
7177,15091,2019,124953.0
7178,15091,2020,124185.0
7179,15091,2021,123341.0
7180,15091,2022,123888.0
7181,15091,2023,123246.0
7182,16051,2005,202844.0
7183,16051,2006,202658.0
7184,16051,2007,202929.0
7185,16051,2008,203333.0
7186,16051,2009,203830.0
7187,16051,2010,204994.0
7188,16051,2011,201952.0
7189,16051,2012,203485.0
7190,16051,2013,204880.0
7191,16051,2014,206219.0
7192,16051,2015,210118.0
7193,16051,2016,211113.0
7194,16051,2017,212988.0
7195,16051,2018,213699.0
7196,16051,2019,213981.0
7197,16051,2020,213692.0
7198,16051,2021,213227.0
7199,16051,2022,214969.0
7200,16051,2023,215675.0
7201,16052,2005,103948.0
7202,16052,2006,102733.0
7203,16052,2007,101618.0
7204,16052,2008,100643.0
7205,16052,2009,99987.0
7206,16052,2010,99262.0
7207,16052,2011,95746.0
7208,16052,2012,95384.0
7209,16052,2013,94977.0
7210,16052,2014,94492.0
7211,16052,2015,96011.0
7212,16052,2016,94750.0
7213,16052,2017,94859.0
7214,16052,2018,94152.0
7215,16052,2019,93125.0
7216,16052,2020,92126.0
7217,16052,2021,91368.0
7218,16052,2022,93634.0
7219,16052,2023,94847.0
7220,16053,2005,102532.0
7221,16053,2006,102494.0
7222,16053,2007,102752.0
7223,16053,2008,103392.0
7224,16053,2009,104449.0
7225,16053,2010,105129.0
7226,16053,2011,106428.0
7227,16053,2012,106915.0
7228,16053,2013,107679.0
7229,16053,2014,108207.0
7230,16053,2015,109527.0
7231,16053,2016,110321.0
7232,16053,2017,111099.0
7233,16053,2018,111407.0
7234,16053,2019,111343.0
7235,16053,2020,110731.0
7236,16053,2021,110502.0
7237,16053,2022,111191.0
7238,16053,2023,110791.0
7239,16054,2005,42689.0
7240,16054,2006,41861.0
7241,16054,2007,41015.0
7242,16054,2008,40173.0
7243,16054,2009,39526.0
7244,16054,2010,38776.0
7245,16054,2011,36570.0
7246,16054,2012,35967.0
7247,16054,2013,35665.0
7248,16054,2014,36208.0
7249,16054,2015,36778.0
7250,16054,2016,35608.0
7251,16054,2017,35166.0
7252,16054,2018,34835.0
7253,16054,2019,36789.0
7254,16054,2020,36395.0
7255,16054,2021,36054.0
7256,16054,2022,37009.0
7257,16054,2023,36986.0
7258,16055,2005,64594.0
7259,16055,2006,64481.0
7260,16055,2007,64720.0
7261,16055,2008,64938.0
7262,16055,2009,65233.0
7263,16055,2010,65479.0
7264,16055,2011,62886.0
7265,16055,2012,63236.0
7266,16055,2013,63315.0
7267,16055,2014,63477.0
7268,16055,2015,64131.0
7269,16055,2016,64355.0
7270,16055,2017,64426.0
7271,16055,2018,65090.0
7272,16055,2019,65228.0
7273,16055,2020,65098.0
7274,16055,2021,65138.0
7275,16055,2022,65620.0
7276,16055,2023,65611.0
7277,16061,2005,109999.0
7278,16061,2006,108883.0
7279,16061,2007,107924.0
7280,16061,2008,106937.0
7281,16061,2009,106052.0
7282,16061,2010,105195.0
7283,16061,2011,101906.0
7284,16061,2012,101312.0
7285,16061,2013,100951.0
7286,16061,2014,100730.0
7287,16061,2015,101325.0
7288,16061,2016,101033.0
7289,16061,2017,100645.0
7290,16061,2018,100380.0
7291,16061,2019,100006.0
7292,16061,2020,99463.0
7293,16061,2021,99324.0
7294,16061,2022,100091.0
7295,16061,2023,103441.0
7296,16062,2005,93612.0
7297,16062,2006,92630.0
7298,16062,2007,91762.0
7299,16062,2008,91120.0
7300,16062,2009,90357.0
7301,16062,2010,89963.0
7302,16062,2011,86734.0
7303,16062,2012,85921.0
7304,16062,2013,85380.0
7305,16062,2014,85055.0
7306,16062,2015,85355.0
7307,16062,2016,85098.0
7308,16062,2017,84697.0
7309,16062,2018,83822.0
7310,16062,2019,83416.0
7311,16062,2020,82456.0
7312,16062,2021,81687.0
7313,16062,2022,82444.0
7314,16062,2023,82179.0
7315,16063,2005,43727.0
7316,16063,2006,43626.0
7317,16063,2007,43308.0
7318,16063,2008,43051.0
7319,16063,2009,42847.0
7320,16063,2010,42750.0
7321,16063,2011,41708.0
7322,16063,2012,41744.0
7323,16063,2013,167850.0
7324,16063,2014,167719.0
7325,16063,2015,168072.0
7326,16063,2016,167317.0
7327,16063,2017,166474.0
7328,16063,2018,165395.0
7329,16063,2019,161224.0
7330,16063,2020,159937.0
7331,16063,2021,158900.0
7332,16063,2022,159539.0
7333,16063,2023,159201.0
7334,16064,2005,113962.0
7335,16064,2006,112620.0
7336,16064,2007,111643.0
7337,16064,2008,110581.0
7338,16064,2009,109606.0
7339,16064,2010,108758.0
7340,16064,2011,105683.0
7341,16064,2012,104947.0
7342,16064,2013,104245.0
7343,16064,2014,103922.0
7344,16064,2015,105273.0
7345,16064,2016,103948.0
7346,16064,2017,103504.0
7347,16064,2018,102912.0
7348,16064,2019,102232.0
7349,16064,2020,101698.0
7350,16064,2021,101269.0
7351,16064,2022,102256.0
7352,16064,2023,98233.0
7353,16065,2005,88307.0
7354,16065,2006,87058.0
7355,16065,2007,85362.0
7356,16065,2008,83835.0
7357,16065,2009,82650.0
7358,16065,2010,81449.0
7359,16065,2011,79464.0
7360,16065,2012,78618.0
7361,16065,2013,77656.0
7362,16065,2014,77148.0
7363,16065,2015,77110.0
7364,16065,2016,76685.0
7365,16065,2017,75818.0
7366,16065,2018,75009.0
7367,16065,2019,74212.0
7368,16065,2020,73522.0
7369,16065,2021,72964.0
7370,16065,2022,73690.0
7371,16065,2023,73216.0
7372,16066,2005,275604.0
7373,16066,2006,272483.0
7374,16066,2007,269320.0
7375,16066,2008,266231.0
7376,16066,2009,263132.0
7377,16066,2010,260542.0
7378,16066,2011,255147.0
7379,16066,2012,253435.0
7380,16066,2013,125574.0
7381,16066,2014,125056.0
7382,16066,2015,124623.0
7383,16066,2016,123506.0
7384,16066,2017,122952.0
7385,16066,2018,122347.0
7386,16066,2019,124916.0
7387,16066,2020,124241.0
7388,16066,2021,123404.0
7389,16066,2022,123939.0
7390,16066,2023,123274.0
7391,16067,2005,143745.0
7392,16067,2006,142491.0
7393,16067,2007,141405.0
7394,16067,2008,140041.0
7395,16067,2009,138857.0
7396,16067,2010,138056.0
7397,16067,2011,135986.0
7398,16067,2012,135376.0
7399,16067,2013,135155.0
7400,16067,2014,135381.0
7401,16067,2015,136831.0
7402,16067,2016,135430.0
7403,16067,2017,135521.0
7404,16067,2018,135452.0
7405,16067,2019,134908.0
7406,16067,2020,134563.0
7407,16067,2021,133825.0
7408,16067,2022,134941.0
7409,16067,2023,134472.0
7410,16068,2005,76865.0
7411,16068,2006,76097.0
7412,16068,2007,75257.0
7413,16068,2008,74359.0
7414,16068,2009,73688.0
7415,16068,2010,72877.0
7416,16068,2011,71544.0
7417,16068,2012,71005.0
7418,16068,2013,70833.0
7419,16068,2014,70537.0
7420,16068,2015,70600.0
7421,16068,2016,70118.0
7422,16068,2017,70027.0
7423,16068,2018,69655.0
7424,16068,2019,69427.0
7425,16068,2020,69107.0
7426,16068,2021,68717.0
7427,16068,2022,69646.0
7428,16068,2023,69418.0
7429,16069,2005,71022.0
7430,16069,2006,70210.0
7431,16069,2007,69425.0
7432,16069,2008,68596.0
7433,16069,2009,67816.0
7434,16069,2010,67007.0
7435,16069,2011,66007.0
7436,16069,2012,65540.0
7437,16069,2013,65032.0
7438,16069,2014,64673.0
7439,16069,2015,64524.0
7440,16069,2016,64330.0
7441,16069,2017,63923.0
7442,16069,2018,63553.0
7443,16069,2019,63197.0
7444,16069,2020,62656.0
7445,16069,2021,62089.0
7446,16069,2022,61926.0
7447,16069,2023,61329.0
7448,16070,2005,117014.0
7449,16070,2006,115753.0
7450,16070,2007,114445.0
7451,16070,2008,113416.0
7452,16070,2009,112804.0
7453,16070,2010,112350.0
7454,16070,2011,110135.0
7455,16070,2012,109531.0
7456,16070,2013,108958.0
7457,16070,2014,108899.0
7458,16070,2015,109620.0
7459,16070,2016,109167.0
7460,16070,2017,108830.0
7461,16070,2018,108742.0
7462,16070,2019,106249.0
7463,16070,2020,105606.0
7464,16070,2021,105367.0
7465,16070,2022,106776.0
7466,16070,2023,106775.0
7467,16071,2005,88292.0
7468,16071,2006,87399.0
7469,16071,2007,86568.0
7470,16071,2008,85509.0
7471,16071,2009,84935.0
7472,16071,2010,84693.0
7473,16071,2011,82458.0
7474,16071,2012,82016.0
7475,16071,2013,81704.0
7476,16071,2014,81641.0
7477,16071,2015,82127.0
7478,16071,2016,82316.0
7479,16071,2017,82131.0
7480,16071,2018,81947.0
7481,16071,2019,82156.0
7482,16071,2020,82291.0
7483,16071,2021,82103.0
7484,16071,2022,83179.0
7485,16071,2023,82892.0
7486,16072,2005,64005.0
7487,16072,2006,63122.0
7488,16072,2007,62384.0
7489,16072,2008,61315.0
7490,16072,2009,60560.0
7491,16072,2010,59954.0
7492,16072,2011,58465.0
7493,16072,2012,57802.0
7494,16072,2013,57252.0
7495,16072,2014,56809.0
7496,16072,2015,56818.0
7497,16072,2016,56507.0
7498,16072,2017,56361.0
7499,16072,2018,56196.0
7500,16072,2019,57717.0
7501,16072,2020,57044.0
7502,16072,2021,56504.0
7503,16072,2022,56922.0
7504,16072,2023,56434.0
7505,16073,2005,125087.0
7506,16073,2006,123516.0
7507,16073,2007,121542.0
7508,16073,2008,119817.0
7509,16073,2009,118303.0
7510,16073,2010,116818.0
7511,16073,2011,112555.0
7512,16073,2012,111463.0
7513,16073,2013,110307.0
7514,16073,2014,109646.0
7515,16073,2015,109278.0
7516,16073,2016,108315.0
7517,16073,2017,107368.0
7518,16073,2018,106356.0
7519,16073,2019,103199.0
7520,16073,2020,102139.0
7521,16073,2021,100969.0
7522,16073,2022,101494.0
7523,16073,2023,101044.0
7524,16074,2005,90761.0
7525,16074,2006,89827.0
7526,16074,2007,88935.0
7527,16074,2008,88199.0
7528,16074,2009,87400.0
7529,16074,2010,86809.0
7530,16074,2011,84677.0
7531,16074,2012,84282.0
7532,16074,2013,84001.0
7533,16074,2014,83966.0
7534,16074,2015,86184.0
7535,16074,2016,84525.0
7536,16074,2017,82990.0
7537,16074,2018,83051.0
7538,16074,2019,82950.0
7539,16074,2020,82816.0
7540,16074,2021,82513.0
7541,16074,2022,83234.0
7542,16074,2023,83643.0
7543,16075,2005,93281.0
7544,16075,2006,92093.0
7545,16075,2007,90910.0
7546,16075,2008,89825.0
7547,16075,2009,88632.0
7548,16075,2010,87799.0
7549,16075,2011,85259.0
7550,16075,2012,84435.0
7551,16075,2013,83654.0
7552,16075,2014,82887.0
7553,16075,2015,82951.0
7554,16075,2016,82362.0
7555,16075,2017,81501.0
7556,16075,2018,80868.0
7557,16075,2019,80312.0
7558,16075,2020,79632.0
7559,16075,2021,79030.0
7560,16075,2022,79178.0
7561,16075,2023,78619.0
7562,16076,2005,116320.0
7563,16076,2006,114384.0
7564,16076,2007,112682.0
7565,16076,2008,110747.0
7566,16076,2009,109003.0
7567,16076,2010,107555.0
7568,16076,2011,104464.0
7569,16076,2012,103297.0
7570,16076,2013,102167.0
7571,16076,2014,101382.0
7572,16076,2015,101114.0
7573,16076,2016,99717.0
7574,16076,2017,99275.0
7575,16076,2018,98159.0
7576,16076,2019,97398.0
7577,16076,2020,96668.0
7578,16076,2021,96102.0
7579,16076,2022,96381.0
7580,16076,2023,95563.0
7581,16077,2005,106365.0
7582,16077,2006,104721.0
7583,16077,2007,103313.0
7584,16077,2008,101705.0
7585,16077,2009,100215.0
7586,16077,2010,98810.0
7587,16077,2011,95829.0
7588,16077,2012,94749.0
7589,16077,2013,93605.0
7590,16077,2014,92705.0
7591,16077,2015,92344.0
7592,16077,2016,91607.0
7593,16077,2017,90650.0
7594,16077,2018,90118.0
7595,16077,2019,89393.0
7596,16077,2020,88356.0
7597,16077,2021,87807.0
7598,16077,2022,88787.0
7599,16077,2023,88692.0
